,category,data,source,day,day_of_week
0,Россия,"time.struct_time(tm_year=2022, tm_mon=12, tm_mday=28, tm_hour=18, tm_min=12, tm_sec=30, tm_wday=2, tm_yday=362, tm_isdst=0)",https://lenta.ru/rss/,28.12.2022,2
1,Забота о себе,"time.struct_time(tm_year=2022, tm_mon=12, tm_mday=28, tm_hour=18, tm_min=0, tm_sec=0, tm_wday=2, tm_yday=362, tm_isdst=0)",https://lenta.ru/rss/,28.12.2022,2
2,Мир,"time.struct_time(tm_year=2022, tm_mon=12, tm_mday=28, tm_hour=17, tm_min=57, tm_sec=0, tm_wday=2, tm_yday=362, tm_isdst=0)",https://lenta.ru/rss/,28.12.2022,2
3,Среда обитания,"time.struct_time(tm_year=2022, tm_mon=12, tm_mday=28, tm_hour=17, tm_min=57, tm_sec=0, tm_wday=2, tm_yday=362, tm_isdst=0)",https://lenta.ru/rss/,28.12.2022,2
4,Экономика,"time.struct_time(tm_year=2022, tm_mon=12, tm_mday=28, tm_hour=17, tm_min=54, tm_sec=0, tm_wday=2, tm_yday=362, tm_isdst=0)",https://lenta.ru/rss/,28.12.2022,2
5,Россия,"time.struct_time(tm_year=2022, tm_mon=12, tm_mday=28, tm_hour=17, tm_min=50, tm_sec=0, tm_wday=2, tm_yday=362, tm_isdst=0)",https://lenta.ru/rss/,28.12.2022,2
6,Наука и техника,"time.struct_time(tm_year=2022, tm_mon=12, tm_mday=28, tm_hour=17, tm_min=47, tm_sec=0, tm_wday=2, tm_yday=362, tm_isdst=0)",https://lenta.ru/rss/,28.12.2022,2
7,Путешествия,"time.struct_time(tm_year=2022, tm_mon=12, tm_mday=28, tm_hour=17, tm_min=42, tm_sec=0, tm_wday=2, tm_yday=362, tm_isdst=0)",https://lenta.ru/rss/,28.12.2022,2
8,Среда обитания,"time.struct_time(tm_year=2022, tm_mon=12, tm_mday=28, tm_hour=17, tm_min=42, tm_sec=0, tm_wday=2, tm_yday=362, tm_isdst=0)",https://lenta.ru/rss/,28.12.2022,2
9,Из жизни,"time.struct_time(tm_year=2022, tm_mon=12, tm_mday=28, tm_hour=17, tm_min=41, tm_sec=7, tm_wday=2, tm_yday=362, tm_isdst=0)",https://lenta.ru/rss/,28.12.2022,2
10,Интернет и СМИ,"time.struct_time(tm_year=2022, tm_mon=12, tm_mday=28, tm_hour=17, tm_min=41, tm_sec=0, tm_wday=2, tm_yday=362, tm_isdst=0)",https://lenta.ru/rss/,28.12.2022,2
11,Спорт,"time.struct_time(tm_year=2022, tm_mon=12, tm_mday=28, tm_hour=17, tm_min=35, tm_sec=0, tm_wday=2, tm_yday=362, tm_isdst=0)",https://lenta.ru/rss/,28.12.2022,2
12,Силовые структуры,"time.struct_time(tm_year=2022, tm_mon=12, tm_mday=28, tm_hour=17, tm_min=35, tm_sec=0, tm_wday=2, tm_yday=362, tm_isdst=0)",https://lenta.ru/rss/,28.12.2022,2
13,Забота о себе,"time.struct_time(tm_year=2022, tm_mon=12, tm_mday=28, tm_hour=17, tm_min=35, tm_sec=0, tm_wday=2, tm_yday=362, tm_isdst=0)",https://lenta.ru/rss/,28.12.2022,2
14,Среда обитания,"time.struct_time(tm_year=2022, tm_mon=12, tm_mday=28, tm_hour=17, tm_min=33, tm_sec=0, tm_wday=2, tm_yday=362, tm_isdst=0)",https://lenta.ru/rss/,28.12.2022,2
15,Путешествия,"time.struct_time(tm_year=2022, tm_mon=12, tm_mday=28, tm_hour=17, tm_min=32, tm_sec=0, tm_wday=2, tm_yday=362, tm_isdst=0)",https://lenta.ru/rss/,28.12.2022,2
16,Бывший СССР,"time.struct_time(tm_year=2022, tm_mon=12, tm_mday=28, tm_hour=17, tm_min=31, tm_sec=15, tm_wday=2, tm_yday=362, tm_isdst=0)",https://lenta.ru/rss/,28.12.2022,2
17,Мир,"time.struct_time(tm_year=2022, tm_mon=12, tm_mday=28, tm_hour=17, tm_min=30, tm_sec=0, tm_wday=2, tm_yday=362, tm_isdst=0)",https://lenta.ru/rss/,28.12.2022,2
18,Бывший СССР,"time.struct_time(tm_year=2022, tm_mon=12, tm_mday=28, tm_hour=17, tm_min=30, tm_sec=0, tm_wday=2, tm_yday=362, tm_isdst=0)",https://lenta.ru/rss/,28.12.2022,2
19,Мир,"time.struct_time(tm_year=2022, tm_mon=12, tm_mday=28, tm_hour=17, tm_min=27, tm_sec=0, tm_wday=2, tm_yday=362, tm_isdst=0)",https://lenta.ru/rss/,28.12.2022,2
20,Ценности,"time.struct_time(tm_year=2022, tm_mon=12, tm_mday=28, tm_hour=17, tm_min=25, tm_sec=0, tm_wday=2, tm_yday=362, tm_isdst=0)",https://lenta.ru/rss/,28.12.2022,2
21,Россия,"time.struct_time(tm_year=2022, tm_mon=12, tm_mday=28, tm_hour=17, tm_min=22, tm_sec=0, tm_wday=2, tm_yday=362, tm_isdst=0)",https://lenta.ru/rss/,28.12.2022,2
22,Путешествия,"time.struct_time(tm_year=2022, tm_mon=12, tm_mday=28, tm_hour=17, tm_min=20, tm_sec=0, tm_wday=2, tm_yday=362, tm_isdst=0)",https://lenta.ru/rss/,28.12.2022,2
23,Интернет и СМИ,"time.struct_time(tm_year=2022, tm_mon=12, tm_mday=28, tm_hour=17, tm_min=20, tm_sec=0, tm_wday=2, tm_yday=362, tm_isdst=0)",https://lenta.ru/rss/,28.12.2022,2
24,Экономика,"time.struct_time(tm_year=2022, tm_mon=12, tm_mday=28, tm_hour=17, tm_min=12, tm_sec=0, tm_wday=2, tm_yday=362, tm_isdst=0)",https://lenta.ru/rss/,28.12.2022,2
25,Наука и техника,"time.struct_time(tm_year=2022, tm_mon=12, tm_mday=28, tm_hour=17, tm_min=9, tm_sec=0, tm_wday=2, tm_yday=362, tm_isdst=0)",https://lenta.ru/rss/,28.12.2022,2
26,Силовые структуры,"time.struct_time(tm_year=2022, tm_mon=12, tm_mday=28, tm_hour=17, tm_min=9, tm_sec=0, tm_wday=2, tm_yday=362, tm_isdst=0)",https://lenta.ru/rss/,28.12.2022,2
27,Россия,"time.struct_time(tm_year=2022, tm_mon=12, tm_mday=28, tm_hour=17, tm_min=8, tm_sec=0, tm_wday=2, tm_yday=362, tm_isdst=0)",https://lenta.ru/rss/,28.12.2022,2
28,Из жизни,"time.struct_time(tm_year=2022, tm_mon=12, tm_mday=28, tm_hour=17, tm_min=8, tm_sec=0, tm_wday=2, tm_yday=362, tm_isdst=0)",https://lenta.ru/rss/,28.12.2022,2
29,Забота о себе,"time.struct_time(tm_year=2022, tm_mon=12, tm_mday=28, tm_hour=17, tm_min=3, tm_sec=0, tm_wday=2, tm_yday=362, tm_isdst=0)",https://lenta.ru/rss/,28.12.2022,2
30,Среда обитания,"time.struct_time(tm_year=2022, tm_mon=12, tm_mday=28, tm_hour=17, tm_min=2, tm_sec=0, tm_wday=2, tm_yday=362, tm_isdst=0)",https://lenta.ru/rss/,28.12.2022,2
31,Россия,"time.struct_time(tm_year=2022, tm_mon=12, tm_mday=28, tm_hour=17, tm_min=2, tm_sec=0, tm_wday=2, tm_yday=362, tm_isdst=0)",https://lenta.ru/rss/,28.12.2022,2
32,Путешествия,"time.struct_time(tm_year=2022, tm_mon=12, tm_mday=28, tm_hour=16, tm_min=56, tm_sec=0, tm_wday=2, tm_yday=362, tm_isdst=0)",https://lenta.ru/rss/,28.12.2022,2
33,Мир,"time.struct_time(tm_year=2022, tm_mon=12, tm_mday=28, tm_hour=16, tm_min=53, tm_sec=0, tm_wday=2, tm_yday=362, tm_isdst=0)",https://lenta.ru/rss/,28.12.2022,2
34,Бывший СССР,"time.struct_time(tm_year=2022, tm_mon=12, tm_mday=28, tm_hour=16, tm_min=50, tm_sec=0, tm_wday=2, tm_yday=362, tm_isdst=0)",https://lenta.ru/rss/,28.12.2022,2
35,Культура,"time.struct_time(tm_year=2022, tm_mon=12, tm_mday=28, tm_hour=16, tm_min=46, tm_sec=0, tm_wday=2, tm_yday=362, tm_isdst=0)",https://lenta.ru/rss/,28.12.2022,2
36,Экономика,"time.struct_time(tm_year=2022, tm_mon=12, tm_mday=28, tm_hour=16, tm_min=43, tm_sec=0, tm_wday=2, tm_yday=362, tm_isdst=0)",https://lenta.ru/rss/,28.12.2022,2
37,Среда обитания,"time.struct_time(tm_year=2022, tm_mon=12, tm_mday=28, tm_hour=16, tm_min=43, tm_sec=0, tm_wday=2, tm_yday=362, tm_isdst=0)",https://lenta.ru/rss/,28.12.2022,2
38,Забота о себе,"time.struct_time(tm_year=2022, tm_mon=12, tm_mday=28, tm_hour=16, tm_min=41, tm_sec=0, tm_wday=2, tm_yday=362, tm_isdst=0)",https://lenta.ru/rss/,28.12.2022,2
39,Мир,"time.struct_time(tm_year=2022, tm_mon=12, tm_mday=28, tm_hour=16, tm_min=40, tm_sec=0, tm_wday=2, tm_yday=362, tm_isdst=0)",https://lenta.ru/rss/,28.12.2022,2
40,Спорт,"time.struct_time(tm_year=2022, tm_mon=12, tm_mday=28, tm_hour=16, tm_min=36, tm_sec=0, tm_wday=2, tm_yday=362, tm_isdst=0)",https://lenta.ru/rss/,28.12.2022,2
41,Силовые структуры,"time.struct_time(tm_year=2022, tm_mon=12, tm_mday=28, tm_hour=16, tm_min=36, tm_sec=0, tm_wday=2, tm_yday=362, tm_isdst=0)",https://lenta.ru/rss/,28.12.2022,2
42,Культура,"time.struct_time(tm_year=2022, tm_mon=12, tm_mday=28, tm_hour=16, tm_min=33, tm_sec=0, tm_wday=2, tm_yday=362, tm_isdst=0)",https://lenta.ru/rss/,28.12.2022,2
43,Из жизни,"time.struct_time(tm_year=2022, tm_mon=12, tm_mday=28, tm_hour=16, tm_min=31, tm_sec=0, tm_wday=2, tm_yday=362, tm_isdst=0)",https://lenta.ru/rss/,28.12.2022,2
44,Среда обитания,"time.struct_time(tm_year=2022, tm_mon=12, tm_mday=28, tm_hour=16, tm_min=29, tm_sec=0, tm_wday=2, tm_yday=362, tm_isdst=0)",https://lenta.ru/rss/,28.12.2022,2
45,Экономика,"time.struct_time(tm_year=2022, tm_mon=12, tm_mday=28, tm_hour=16, tm_min=27, tm_sec=0, tm_wday=2, tm_yday=362, tm_isdst=0)",https://lenta.ru/rss/,28.12.2022,2
46,Силовые структуры,"time.struct_time(tm_year=2022, tm_mon=12, tm_mday=28, tm_hour=16, tm_min=26, tm_sec=11, tm_wday=2, tm_yday=362, tm_isdst=0)",https://lenta.ru/rss/,28.12.2022,2
47,Ценности,"time.struct_time(tm_year=2022, tm_mon=12, tm_mday=28, tm_hour=16, tm_min=25, tm_sec=0, tm_wday=2, tm_yday=362, tm_isdst=0)",https://lenta.ru/rss/,28.12.2022,2
48,Бывший СССР,"time.struct_time(tm_year=2022, tm_mon=12, tm_mday=28, tm_hour=16, tm_min=23, tm_sec=53, tm_wday=2, tm_yday=362, tm_isdst=0)",https://lenta.ru/rss/,28.12.2022,2
49,Путешествия,"time.struct_time(tm_year=2022, tm_mon=12, tm_mday=28, tm_hour=16, tm_min=19, tm_sec=0, tm_wday=2, tm_yday=362, tm_isdst=0)",https://lenta.ru/rss/,28.12.2022,2
50,Мир,"time.struct_time(tm_year=2022, tm_mon=12, tm_mday=28, tm_hour=16, tm_min=17, tm_sec=0, tm_wday=2, tm_yday=362, tm_isdst=0)",https://lenta.ru/rss/,28.12.2022,2
51,Ценности,"time.struct_time(tm_year=2022, tm_mon=12, tm_mday=28, tm_hour=16, tm_min=16, tm_sec=0, tm_wday=2, tm_yday=362, tm_isdst=0)",https://lenta.ru/rss/,28.12.2022,2
52,Россия,"time.struct_time(tm_year=2022, tm_mon=12, tm_mday=28, tm_hour=16, tm_min=13, tm_sec=0, tm_wday=2, tm_yday=362, tm_isdst=0)",https://lenta.ru/rss/,28.12.2022,2
53,Наука и техника,"time.struct_time(tm_year=2022, tm_mon=12, tm_mday=28, tm_hour=16, tm_min=10, tm_sec=0, tm_wday=2, tm_yday=362, tm_isdst=0)",https://lenta.ru/rss/,28.12.2022,2
54,Среда обитания,"time.struct_time(tm_year=2022, tm_mon=12, tm_mday=28, tm_hour=16, tm_min=8, tm_sec=0, tm_wday=2, tm_yday=362, tm_isdst=0)",https://lenta.ru/rss/,28.12.2022,2
55,Силовые структуры,"time.struct_time(tm_year=2022, tm_mon=12, tm_mday=28, tm_hour=16, tm_min=7, tm_sec=0, tm_wday=2, tm_yday=362, tm_isdst=0)",https://lenta.ru/rss/,28.12.2022,2
56,Интернет и СМИ,"time.struct_time(tm_year=2022, tm_mon=12, tm_mday=28, tm_hour=16, tm_min=4, tm_sec=0, tm_wday=2, tm_yday=362, tm_isdst=0)",https://lenta.ru/rss/,28.12.2022,2
57,Спорт,"time.struct_time(tm_year=2022, tm_mon=12, tm_mday=28, tm_hour=16, tm_min=3, tm_sec=53, tm_wday=2, tm_yday=362, tm_isdst=0)",https://lenta.ru/rss/,28.12.2022,2
58,Бывший СССР,"time.struct_time(tm_year=2022, tm_mon=12, tm_mday=28, tm_hour=15, tm_min=59, tm_sec=0, tm_wday=2, tm_yday=362, tm_isdst=0)",https://lenta.ru/rss/,28.12.2022,2
59,Моя страна,"time.struct_time(tm_year=2022, tm_mon=12, tm_mday=28, tm_hour=15, tm_min=53, tm_sec=4, tm_wday=2, tm_yday=362, tm_isdst=0)",https://lenta.ru/rss/,28.12.2022,2
60,Моя страна,"time.struct_time(tm_year=2022, tm_mon=12, tm_mday=28, tm_hour=15, tm_min=53, tm_sec=0, tm_wday=2, tm_yday=362, tm_isdst=0)",https://lenta.ru/rss/,28.12.2022,2
61,Ценности,"time.struct_time(tm_year=2022, tm_mon=12, tm_mday=28, tm_hour=15, tm_min=49, tm_sec=0, tm_wday=2, tm_yday=362, tm_isdst=0)",https://lenta.ru/rss/,28.12.2022,2
62,Забота о себе,"time.struct_time(tm_year=2022, tm_mon=12, tm_mday=28, tm_hour=15, tm_min=47, tm_sec=0, tm_wday=2, tm_yday=362, tm_isdst=0)",https://lenta.ru/rss/,28.12.2022,2
63,Бывший СССР,"time.struct_time(tm_year=2022, tm_mon=12, tm_mday=28, tm_hour=15, tm_min=46, tm_sec=0, tm_wday=2, tm_yday=362, tm_isdst=0)",https://lenta.ru/rss/,28.12.2022,2
64,Путешествия,"time.struct_time(tm_year=2022, tm_mon=12, tm_mday=28, tm_hour=15, tm_min=45, tm_sec=0, tm_wday=2, tm_yday=362, tm_isdst=0)",https://lenta.ru/rss/,28.12.2022,2
65,Экономика,"time.struct_time(tm_year=2022, tm_mon=12, tm_mday=28, tm_hour=15, tm_min=42, tm_sec=0, tm_wday=2, tm_yday=362, tm_isdst=0)",https://lenta.ru/rss/,28.12.2022,2
66,Из жизни,"time.struct_time(tm_year=2022, tm_mon=12, tm_mday=28, tm_hour=15, tm_min=41, tm_sec=0, tm_wday=2, tm_yday=362, tm_isdst=0)",https://lenta.ru/rss/,28.12.2022,2
67,Мир,"time.struct_time(tm_year=2022, tm_mon=12, tm_mday=28, tm_hour=15, tm_min=35, tm_sec=0, tm_wday=2, tm_yday=362, tm_isdst=0)",https://lenta.ru/rss/,28.12.2022,2
68,Силовые структуры,"time.struct_time(tm_year=2022, tm_mon=12, tm_mday=28, tm_hour=15, tm_min=33, tm_sec=0, tm_wday=2, tm_yday=362, tm_isdst=0)",https://lenta.ru/rss/,28.12.2022,2
69,Путешествия,"time.struct_time(tm_year=2022, tm_mon=12, tm_mday=28, tm_hour=15, tm_min=33, tm_sec=0, tm_wday=2, tm_yday=362, tm_isdst=0)",https://lenta.ru/rss/,28.12.2022,2
70,Мир,"time.struct_time(tm_year=2022, tm_mon=12, tm_mday=28, tm_hour=15, tm_min=32, tm_sec=0, tm_wday=2, tm_yday=362, tm_isdst=0)",https://lenta.ru/rss/,28.12.2022,2
71,Культура,"time.struct_time(tm_year=2022, tm_mon=12, tm_mday=28, tm_hour=15, tm_min=32, tm_sec=0, tm_wday=2, tm_yday=362, tm_isdst=0)",https://lenta.ru/rss/,28.12.2022,2
72,Силовые структуры,"time.struct_time(tm_year=2022, tm_mon=12, tm_mday=28, tm_hour=15, tm_min=31, tm_sec=0, tm_wday=2, tm_yday=362, tm_isdst=0)",https://lenta.ru/rss/,28.12.2022,2
73,Интернет и СМИ,"time.struct_time(tm_year=2022, tm_mon=12, tm_mday=28, tm_hour=15, tm_min=27, tm_sec=0, tm_wday=2, tm_yday=362, tm_isdst=0)",https://lenta.ru/rss/,28.12.2022,2
74,Среда обитания,"time.struct_time(tm_year=2022, tm_mon=12, tm_mday=28, tm_hour=15, tm_min=22, tm_sec=0, tm_wday=2, tm_yday=362, tm_isdst=0)",https://lenta.ru/rss/,28.12.2022,2
75,Спорт,"time.struct_time(tm_year=2022, tm_mon=12, tm_mday=28, tm_hour=15, tm_min=20, tm_sec=18, tm_wday=2, tm_yday=362, tm_isdst=0)",https://lenta.ru/rss/,28.12.2022,2
76,Бывший СССР,"time.struct_time(tm_year=2022, tm_mon=12, tm_mday=28, tm_hour=15, tm_min=17, tm_sec=0, tm_wday=2, tm_yday=362, tm_isdst=0)",https://lenta.ru/rss/,28.12.2022,2
77,Ценности,"time.struct_time(tm_year=2022, tm_mon=12, tm_mday=28, tm_hour=15, tm_min=11, tm_sec=0, tm_wday=2, tm_yday=362, tm_isdst=0)",https://lenta.ru/rss/,28.12.2022,2
78,Россия,"time.struct_time(tm_year=2022, tm_mon=12, tm_mday=28, tm_hour=15, tm_min=11, tm_sec=0, tm_wday=2, tm_yday=362, tm_isdst=0)",https://lenta.ru/rss/,28.12.2022,2
79,Наука и техника,"time.struct_time(tm_year=2022, tm_mon=12, tm_mday=28, tm_hour=15, tm_min=8, tm_sec=0, tm_wday=2, tm_yday=362, tm_isdst=0)",https://lenta.ru/rss/,28.12.2022,2
80,Бывший СССР,"time.struct_time(tm_year=2022, tm_mon=12, tm_mday=28, tm_hour=15, tm_min=6, tm_sec=0, tm_wday=2, tm_yday=362, tm_isdst=0)",https://lenta.ru/rss/,28.12.2022,2
81,Россия,"time.struct_time(tm_year=2022, tm_mon=12, tm_mday=28, tm_hour=15, tm_min=1, tm_sec=0, tm_wday=2, tm_yday=362, tm_isdst=0)",https://lenta.ru/rss/,28.12.2022,2
82,Мир,"time.struct_time(tm_year=2022, tm_mon=12, tm_mday=28, tm_hour=15, tm_min=1, tm_sec=0, tm_wday=2, tm_yday=362, tm_isdst=0)",https://lenta.ru/rss/,28.12.2022,2
83,Бывший СССР,"time.struct_time(tm_year=2022, tm_mon=12, tm_mday=28, tm_hour=14, tm_min=58, tm_sec=0, tm_wday=2, tm_yday=362, tm_isdst=0)",https://lenta.ru/rss/,28.12.2022,2
84,Интернет и СМИ,"time.struct_time(tm_year=2022, tm_mon=12, tm_mday=28, tm_hour=14, tm_min=51, tm_sec=0, tm_wday=2, tm_yday=362, tm_isdst=0)",https://lenta.ru/rss/,28.12.2022,2
85,Экономика,"time.struct_time(tm_year=2022, tm_mon=12, tm_mday=28, tm_hour=14, tm_min=50, tm_sec=10, tm_wday=2, tm_yday=362, tm_isdst=0)",https://lenta.ru/rss/,28.12.2022,2
86,Спорт,"time.struct_time(tm_year=2022, tm_mon=12, tm_mday=28, tm_hour=14, tm_min=48, tm_sec=0, tm_wday=2, tm_yday=362, tm_isdst=0)",https://lenta.ru/rss/,28.12.2022,2
87,Силовые структуры,"time.struct_time(tm_year=2022, tm_mon=12, tm_mday=28, tm_hour=14, tm_min=48, tm_sec=0, tm_wday=2, tm_yday=362, tm_isdst=0)",https://lenta.ru/rss/,28.12.2022,2
88,Экономика,"time.struct_time(tm_year=2022, tm_mon=12, tm_mday=28, tm_hour=14, tm_min=47, tm_sec=0, tm_wday=2, tm_yday=362, tm_isdst=0)",https://lenta.ru/rss/,28.12.2022,2
89,Россия,"time.struct_time(tm_year=2022, tm_mon=12, tm_mday=28, tm_hour=14, tm_min=35, tm_sec=0, tm_wday=2, tm_yday=362, tm_isdst=0)",https://lenta.ru/rss/,28.12.2022,2
90,Мир,"time.struct_time(tm_year=2022, tm_mon=12, tm_mday=28, tm_hour=14, tm_min=34, tm_sec=0, tm_wday=2, tm_yday=362, tm_isdst=0)",https://lenta.ru/rss/,28.12.2022,2
91,Интернет и СМИ,"time.struct_time(tm_year=2022, tm_mon=12, tm_mday=28, tm_hour=14, tm_min=32, tm_sec=0, tm_wday=2, tm_yday=362, tm_isdst=0)",https://lenta.ru/rss/,28.12.2022,2
92,Бывший СССР,"time.struct_time(tm_year=2022, tm_mon=12, tm_mday=28, tm_hour=14, tm_min=31, tm_sec=14, tm_wday=2, tm_yday=362, tm_isdst=0)",https://lenta.ru/rss/,28.12.2022,2
93,Мир,"time.struct_time(tm_year=2022, tm_mon=12, tm_mday=28, tm_hour=14, tm_min=31, tm_sec=0, tm_wday=2, tm_yday=362, tm_isdst=0)",https://lenta.ru/rss/,28.12.2022,2
94,Ценности,"time.struct_time(tm_year=2022, tm_mon=12, tm_mday=28, tm_hour=14, tm_min=29, tm_sec=0, tm_wday=2, tm_yday=362, tm_isdst=0)",https://lenta.ru/rss/,28.12.2022,2
95,Среда обитания,"time.struct_time(tm_year=2022, tm_mon=12, tm_mday=28, tm_hour=14, tm_min=29, tm_sec=0, tm_wday=2, tm_yday=362, tm_isdst=0)",https://lenta.ru/rss/,28.12.2022,2
96,Экономика,"time.struct_time(tm_year=2022, tm_mon=12, tm_mday=28, tm_hour=14, tm_min=27, tm_sec=0, tm_wday=2, tm_yday=362, tm_isdst=0)",https://lenta.ru/rss/,28.12.2022,2
97,Забота о себе,"time.struct_time(tm_year=2022, tm_mon=12, tm_mday=28, tm_hour=14, tm_min=22, tm_sec=0, tm_wday=2, tm_yday=362, tm_isdst=0)",https://lenta.ru/rss/,28.12.2022,2
98,Путешествия,"time.struct_time(tm_year=2022, tm_mon=12, tm_mday=28, tm_hour=14, tm_min=11, tm_sec=35, tm_wday=2, tm_yday=362, tm_isdst=0)",https://lenta.ru/rss/,28.12.2022,2
99,Из жизни,"time.struct_time(tm_year=2022, tm_mon=12, tm_mday=28, tm_hour=14, tm_min=3, tm_sec=0, tm_wday=2, tm_yday=362, tm_isdst=0)",https://lenta.ru/rss/,28.12.2022,2
100,Силовые структуры,"time.struct_time(tm_year=2022, tm_mon=12, tm_mday=28, tm_hour=14, tm_min=3, tm_sec=0, tm_wday=2, tm_yday=362, tm_isdst=0)",https://lenta.ru/rss/,28.12.2022,2
101,Ценности,"time.struct_time(tm_year=2022, tm_mon=12, tm_mday=28, tm_hour=14, tm_min=2, tm_sec=0, tm_wday=2, tm_yday=362, tm_isdst=0)",https://lenta.ru/rss/,28.12.2022,2
102,Мир,"time.struct_time(tm_year=2022, tm_mon=12, tm_mday=28, tm_hour=14, tm_min=2, tm_sec=0, tm_wday=2, tm_yday=362, tm_isdst=0)",https://lenta.ru/rss/,28.12.2022,2
103,Наука и техника,"time.struct_time(tm_year=2022, tm_mon=12, tm_mday=28, tm_hour=14, tm_min=0, tm_sec=40, tm_wday=2, tm_yday=362, tm_isdst=0)",https://lenta.ru/rss/,28.12.2022,2
104,Россия,"time.struct_time(tm_year=2022, tm_mon=12, tm_mday=28, tm_hour=13, tm_min=58, tm_sec=0, tm_wday=2, tm_yday=362, tm_isdst=0)",https://lenta.ru/rss/,28.12.2022,2
105,Бывший СССР,"time.struct_time(tm_year=2022, tm_mon=12, tm_mday=28, tm_hour=13, tm_min=58, tm_sec=0, tm_wday=2, tm_yday=362, tm_isdst=0)",https://lenta.ru/rss/,28.12.2022,2
106,Культура,"time.struct_time(tm_year=2022, tm_mon=12, tm_mday=28, tm_hour=13, tm_min=51, tm_sec=0, tm_wday=2, tm_yday=362, tm_isdst=0)",https://lenta.ru/rss/,28.12.2022,2
107,Наука и техника,"time.struct_time(tm_year=2022, tm_mon=12, tm_mday=28, tm_hour=13, tm_min=50, tm_sec=0, tm_wday=2, tm_yday=362, tm_isdst=0)",https://lenta.ru/rss/,28.12.2022,2
108,Экономика,"time.struct_time(tm_year=2022, tm_mon=12, tm_mday=28, tm_hour=13, tm_min=47, tm_sec=0, tm_wday=2, tm_yday=362, tm_isdst=0)",https://lenta.ru/rss/,28.12.2022,2
109,Экономика,"time.struct_time(tm_year=2022, tm_mon=12, tm_mday=28, tm_hour=13, tm_min=46, tm_sec=0, tm_wday=2, tm_yday=362, tm_isdst=0)",https://lenta.ru/rss/,28.12.2022,2
110,Силовые структуры,"time.struct_time(tm_year=2022, tm_mon=12, tm_mday=28, tm_hour=13, tm_min=45, tm_sec=0, tm_wday=2, tm_yday=362, tm_isdst=0)",https://lenta.ru/rss/,28.12.2022,2
111,Экономика,"time.struct_time(tm_year=2022, tm_mon=12, tm_mday=28, tm_hour=13, tm_min=44, tm_sec=0, tm_wday=2, tm_yday=362, tm_isdst=0)",https://lenta.ru/rss/,28.12.2022,2
112,Наука и техника,"time.struct_time(tm_year=2022, tm_mon=12, tm_mday=28, tm_hour=13, tm_min=41, tm_sec=0, tm_wday=2, tm_yday=362, tm_isdst=0)",https://lenta.ru/rss/,28.12.2022,2
113,Мир,"time.struct_time(tm_year=2022, tm_mon=12, tm_mday=28, tm_hour=13, tm_min=41, tm_sec=0, tm_wday=2, tm_yday=362, tm_isdst=0)",https://lenta.ru/rss/,28.12.2022,2
114,Экономика,"time.struct_time(tm_year=2022, tm_mon=12, tm_mday=28, tm_hour=13, tm_min=35, tm_sec=0, tm_wday=2, tm_yday=362, tm_isdst=0)",https://lenta.ru/rss/,28.12.2022,2
115,Спорт,"time.struct_time(tm_year=2022, tm_mon=12, tm_mday=28, tm_hour=13, tm_min=32, tm_sec=0, tm_wday=2, tm_yday=362, tm_isdst=0)",https://lenta.ru/rss/,28.12.2022,2
116,Культура,"time.struct_time(tm_year=2022, tm_mon=12, tm_mday=28, tm_hour=13, tm_min=32, tm_sec=0, tm_wday=2, tm_yday=362, tm_isdst=0)",https://lenta.ru/rss/,28.12.2022,2
117,Россия,"time.struct_time(tm_year=2022, tm_mon=12, tm_mday=28, tm_hour=13, tm_min=30, tm_sec=0, tm_wday=2, tm_yday=362, tm_isdst=0)",https://lenta.ru/rss/,28.12.2022,2
118,Среда обитания,"time.struct_time(tm_year=2022, tm_mon=12, tm_mday=28, tm_hour=13, tm_min=29, tm_sec=0, tm_wday=2, tm_yday=362, tm_isdst=0)",https://lenta.ru/rss/,28.12.2022,2
119,Мир,"time.struct_time(tm_year=2022, tm_mon=12, tm_mday=28, tm_hour=13, tm_min=28, tm_sec=0, tm_wday=2, tm_yday=362, tm_isdst=0)",https://lenta.ru/rss/,28.12.2022,2
120,Ценности,"time.struct_time(tm_year=2022, tm_mon=12, tm_mday=28, tm_hour=13, tm_min=27, tm_sec=0, tm_wday=2, tm_yday=362, tm_isdst=0)",https://lenta.ru/rss/,28.12.2022,2
121,Бывший СССР,"time.struct_time(tm_year=2022, tm_mon=12, tm_mday=28, tm_hour=13, tm_min=26, tm_sec=0, tm_wday=2, tm_yday=362, tm_isdst=0)",https://lenta.ru/rss/,28.12.2022,2
122,Мир,"time.struct_time(tm_year=2022, tm_mon=12, tm_mday=28, tm_hour=13, tm_min=24, tm_sec=0, tm_wday=2, tm_yday=362, tm_isdst=0)",https://lenta.ru/rss/,28.12.2022,2
123,Мир,"time.struct_time(tm_year=2022, tm_mon=12, tm_mday=28, tm_hour=13, tm_min=23, tm_sec=0, tm_wday=2, tm_yday=362, tm_isdst=0)",https://lenta.ru/rss/,28.12.2022,2
124,Наука и техника,"time.struct_time(tm_year=2022, tm_mon=12, tm_mday=28, tm_hour=13, tm_min=22, tm_sec=0, tm_wday=2, tm_yday=362, tm_isdst=0)",https://lenta.ru/rss/,28.12.2022,2
125,Путешествия,"time.struct_time(tm_year=2022, tm_mon=12, tm_mday=28, tm_hour=13, tm_min=22, tm_sec=0, tm_wday=2, tm_yday=362, tm_isdst=0)",https://lenta.ru/rss/,28.12.2022,2
126,Интернет и СМИ,"time.struct_time(tm_year=2022, tm_mon=12, tm_mday=28, tm_hour=13, tm_min=21, tm_sec=0, tm_wday=2, tm_yday=362, tm_isdst=0)",https://lenta.ru/rss/,28.12.2022,2
127,Россия,"time.struct_time(tm_year=2022, tm_mon=12, tm_mday=28, tm_hour=13, tm_min=19, tm_sec=0, tm_wday=2, tm_yday=362, tm_isdst=0)",https://lenta.ru/rss/,28.12.2022,2
128,Бывший СССР,"time.struct_time(tm_year=2022, tm_mon=12, tm_mday=28, tm_hour=13, tm_min=16, tm_sec=0, tm_wday=2, tm_yday=362, tm_isdst=0)",https://lenta.ru/rss/,28.12.2022,2
129,Силовые структуры,"time.struct_time(tm_year=2022, tm_mon=12, tm_mday=28, tm_hour=13, tm_min=15, tm_sec=0, tm_wday=2, tm_yday=362, tm_isdst=0)",https://lenta.ru/rss/,28.12.2022,2
130,Наука и техника,"time.struct_time(tm_year=2022, tm_mon=12, tm_mday=28, tm_hour=13, tm_min=11, tm_sec=58, tm_wday=2, tm_yday=362, tm_isdst=0)",https://lenta.ru/rss/,28.12.2022,2
131,Мир,"time.struct_time(tm_year=2022, tm_mon=12, tm_mday=28, tm_hour=13, tm_min=8, tm_sec=0, tm_wday=2, tm_yday=362, tm_isdst=0)",https://lenta.ru/rss/,28.12.2022,2
132,Путешествия,"time.struct_time(tm_year=2022, tm_mon=12, tm_mday=28, tm_hour=13, tm_min=7, tm_sec=0, tm_wday=2, tm_yday=362, tm_isdst=0)",https://lenta.ru/rss/,28.12.2022,2
133,Бывший СССР,"time.struct_time(tm_year=2022, tm_mon=12, tm_mday=28, tm_hour=13, tm_min=5, tm_sec=0, tm_wday=2, tm_yday=362, tm_isdst=0)",https://lenta.ru/rss/,28.12.2022,2
134,Ценности,"time.struct_time(tm_year=2022, tm_mon=12, tm_mday=28, tm_hour=13, tm_min=4, tm_sec=0, tm_wday=2, tm_yday=362, tm_isdst=0)",https://lenta.ru/rss/,28.12.2022,2
135,Экономика,"time.struct_time(tm_year=2022, tm_mon=12, tm_mday=28, tm_hour=13, tm_min=2, tm_sec=0, tm_wday=2, tm_yday=362, tm_isdst=0)",https://lenta.ru/rss/,28.12.2022,2
136,Россия,"time.struct_time(tm_year=2022, tm_mon=12, tm_mday=28, tm_hour=12, tm_min=59, tm_sec=0, tm_wday=2, tm_yday=362, tm_isdst=0)",https://lenta.ru/rss/,28.12.2022,2
137,Спорт,"time.struct_time(tm_year=2022, tm_mon=12, tm_mday=28, tm_hour=12, tm_min=58, tm_sec=0, tm_wday=2, tm_yday=362, tm_isdst=0)",https://lenta.ru/rss/,28.12.2022,2
138,Экономика,"time.struct_time(tm_year=2022, tm_mon=12, tm_mday=28, tm_hour=12, tm_min=54, tm_sec=0, tm_wday=2, tm_yday=362, tm_isdst=0)",https://lenta.ru/rss/,28.12.2022,2
139,Силовые структуры,"time.struct_time(tm_year=2022, tm_mon=12, tm_mday=28, tm_hour=12, tm_min=54, tm_sec=0, tm_wday=2, tm_yday=362, tm_isdst=0)",https://lenta.ru/rss/,28.12.2022,2
140,Экономика,"time.struct_time(tm_year=2022, tm_mon=12, tm_mday=28, tm_hour=12, tm_min=48, tm_sec=0, tm_wday=2, tm_yday=362, tm_isdst=0)",https://lenta.ru/rss/,28.12.2022,2
141,Из жизни,"time.struct_time(tm_year=2022, tm_mon=12, tm_mday=28, tm_hour=12, tm_min=48, tm_sec=0, tm_wday=2, tm_yday=362, tm_isdst=0)",https://lenta.ru/rss/,28.12.2022,2
142,Бывший СССР,"time.struct_time(tm_year=2022, tm_mon=12, tm_mday=28, tm_hour=12, tm_min=46, tm_sec=0, tm_wday=2, tm_yday=362, tm_isdst=0)",https://lenta.ru/rss/,28.12.2022,2
143,Экономика,"time.struct_time(tm_year=2022, tm_mon=12, tm_mday=28, tm_hour=12, tm_min=46, tm_sec=0, tm_wday=2, tm_yday=362, tm_isdst=0)",https://lenta.ru/rss/,28.12.2022,2
144,Культура,"time.struct_time(tm_year=2022, tm_mon=12, tm_mday=28, tm_hour=12, tm_min=45, tm_sec=0, tm_wday=2, tm_yday=362, tm_isdst=0)",https://lenta.ru/rss/,28.12.2022,2
145,Забота о себе,"time.struct_time(tm_year=2022, tm_mon=12, tm_mday=28, tm_hour=12, tm_min=43, tm_sec=56, tm_wday=2, tm_yday=362, tm_isdst=0)",https://lenta.ru/rss/,28.12.2022,2
146,Мир,"time.struct_time(tm_year=2022, tm_mon=12, tm_mday=28, tm_hour=12, tm_min=43, tm_sec=0, tm_wday=2, tm_yday=362, tm_isdst=0)",https://lenta.ru/rss/,28.12.2022,2
147,Ценности,"time.struct_time(tm_year=2022, tm_mon=12, tm_mday=28, tm_hour=12, tm_min=42, tm_sec=0, tm_wday=2, tm_yday=362, tm_isdst=0)",https://lenta.ru/rss/,28.12.2022,2
148,Силовые структуры,"time.struct_time(tm_year=2022, tm_mon=12, tm_mday=28, tm_hour=12, tm_min=41, tm_sec=0, tm_wday=2, tm_yday=362, tm_isdst=0)",https://lenta.ru/rss/,28.12.2022,2
149,Наука и техника,"time.struct_time(tm_year=2022, tm_mon=12, tm_mday=28, tm_hour=12, tm_min=41, tm_sec=0, tm_wday=2, tm_yday=362, tm_isdst=0)",https://lenta.ru/rss/,28.12.2022,2
150,Россия,"time.struct_time(tm_year=2022, tm_mon=12, tm_mday=28, tm_hour=12, tm_min=36, tm_sec=42, tm_wday=2, tm_yday=362, tm_isdst=0)",https://lenta.ru/rss/,28.12.2022,2
151,Россия,"time.struct_time(tm_year=2022, tm_mon=12, tm_mday=28, tm_hour=12, tm_min=36, tm_sec=6, tm_wday=2, tm_yday=362, tm_isdst=0)",https://lenta.ru/rss/,28.12.2022,2
152,Мир,"time.struct_time(tm_year=2022, tm_mon=12, tm_mday=28, tm_hour=12, tm_min=34, tm_sec=0, tm_wday=2, tm_yday=362, tm_isdst=0)",https://lenta.ru/rss/,28.12.2022,2
153,Бывший СССР,"time.struct_time(tm_year=2022, tm_mon=12, tm_mday=28, tm_hour=12, tm_min=26, tm_sec=0, tm_wday=2, tm_yday=362, tm_isdst=0)",https://lenta.ru/rss/,28.12.2022,2
154,Экономика,"time.struct_time(tm_year=2022, tm_mon=12, tm_mday=28, tm_hour=12, tm_min=20, tm_sec=11, tm_wday=2, tm_yday=362, tm_isdst=0)",https://lenta.ru/rss/,28.12.2022,2
155,Среда обитания,"time.struct_time(tm_year=2022, tm_mon=12, tm_mday=28, tm_hour=12, tm_min=19, tm_sec=0, tm_wday=2, tm_yday=362, tm_isdst=0)",https://lenta.ru/rss/,28.12.2022,2
156,Россия,"time.struct_time(tm_year=2022, tm_mon=12, tm_mday=28, tm_hour=12, tm_min=18, tm_sec=0, tm_wday=2, tm_yday=362, tm_isdst=0)",https://lenta.ru/rss/,28.12.2022,2
157,Ценности,"time.struct_time(tm_year=2022, tm_mon=12, tm_mday=28, tm_hour=12, tm_min=15, tm_sec=0, tm_wday=2, tm_yday=362, tm_isdst=0)",https://lenta.ru/rss/,28.12.2022,2
158,Экономика,"time.struct_time(tm_year=2022, tm_mon=12, tm_mday=28, tm_hour=12, tm_min=14, tm_sec=0, tm_wday=2, tm_yday=362, tm_isdst=0)",https://lenta.ru/rss/,28.12.2022,2
159,Экономика,"time.struct_time(tm_year=2022, tm_mon=12, tm_mday=28, tm_hour=12, tm_min=11, tm_sec=0, tm_wday=2, tm_yday=362, tm_isdst=0)",https://lenta.ru/rss/,28.12.2022,2
160,Спорт,"time.struct_time(tm_year=2022, tm_mon=12, tm_mday=28, tm_hour=12, tm_min=11, tm_sec=0, tm_wday=2, tm_yday=362, tm_isdst=0)",https://lenta.ru/rss/,28.12.2022,2
161,Культура,"time.struct_time(tm_year=2022, tm_mon=12, tm_mday=28, tm_hour=12, tm_min=9, tm_sec=0, tm_wday=2, tm_yday=362, tm_isdst=0)",https://lenta.ru/rss/,28.12.2022,2
162,Россия,"time.struct_time(tm_year=2022, tm_mon=12, tm_mday=28, tm_hour=12, tm_min=5, tm_sec=0, tm_wday=2, tm_yday=362, tm_isdst=0)",https://lenta.ru/rss/,28.12.2022,2
163,Силовые структуры,"time.struct_time(tm_year=2022, tm_mon=12, tm_mday=28, tm_hour=12, tm_min=5, tm_sec=0, tm_wday=2, tm_yday=362, tm_isdst=0)",https://lenta.ru/rss/,28.12.2022,2
164,Экономика,"time.struct_time(tm_year=2022, tm_mon=12, tm_mday=28, tm_hour=12, tm_min=3, tm_sec=0, tm_wday=2, tm_yday=362, tm_isdst=0)",https://lenta.ru/rss/,28.12.2022,2
165,Бывший СССР,"time.struct_time(tm_year=2022, tm_mon=12, tm_mday=28, tm_hour=12, tm_min=1, tm_sec=0, tm_wday=2, tm_yday=362, tm_isdst=0)",https://lenta.ru/rss/,28.12.2022,2
166,Интернет и СМИ,"time.struct_time(tm_year=2022, tm_mon=12, tm_mday=28, tm_hour=11, tm_min=57, tm_sec=0, tm_wday=2, tm_yday=362, tm_isdst=0)",https://lenta.ru/rss/,28.12.2022,2
167,Наука и техника,"time.struct_time(tm_year=2022, tm_mon=12, tm_mday=28, tm_hour=11, tm_min=56, tm_sec=0, tm_wday=2, tm_yday=362, tm_isdst=0)",https://lenta.ru/rss/,28.12.2022,2
168,Из жизни,"time.struct_time(tm_year=2022, tm_mon=12, tm_mday=28, tm_hour=11, tm_min=55, tm_sec=0, tm_wday=2, tm_yday=362, tm_isdst=0)",https://lenta.ru/rss/,28.12.2022,2
169,Силовые структуры,"time.struct_time(tm_year=2022, tm_mon=12, tm_mday=28, tm_hour=11, tm_min=54, tm_sec=0, tm_wday=2, tm_yday=362, tm_isdst=0)",https://lenta.ru/rss/,28.12.2022,2
170,Ценности,"time.struct_time(tm_year=2022, tm_mon=12, tm_mday=28, tm_hour=11, tm_min=49, tm_sec=0, tm_wday=2, tm_yday=362, tm_isdst=0)",https://lenta.ru/rss/,28.12.2022,2
171,Силовые структуры,"time.struct_time(tm_year=2022, tm_mon=12, tm_mday=28, tm_hour=11, tm_min=49, tm_sec=0, tm_wday=2, tm_yday=362, tm_isdst=0)",https://lenta.ru/rss/,28.12.2022,2
172,Мир,"time.struct_time(tm_year=2022, tm_mon=12, tm_mday=28, tm_hour=11, tm_min=48, tm_sec=0, tm_wday=2, tm_yday=362, tm_isdst=0)",https://lenta.ru/rss/,28.12.2022,2
173,Экономика,"time.struct_time(tm_year=2022, tm_mon=12, tm_mday=28, tm_hour=11, tm_min=39, tm_sec=0, tm_wday=2, tm_yday=362, tm_isdst=0)",https://lenta.ru/rss/,28.12.2022,2
174,Экономика,"time.struct_time(tm_year=2022, tm_mon=12, tm_mday=28, tm_hour=11, tm_min=38, tm_sec=0, tm_wday=2, tm_yday=362, tm_isdst=0)",https://lenta.ru/rss/,28.12.2022,2
175,Россия,"time.struct_time(tm_year=2022, tm_mon=12, tm_mday=28, tm_hour=11, tm_min=36, tm_sec=0, tm_wday=2, tm_yday=362, tm_isdst=0)",https://lenta.ru/rss/,28.12.2022,2
176,Россия,"time.struct_time(tm_year=2022, tm_mon=12, tm_mday=28, tm_hour=11, tm_min=35, tm_sec=0, tm_wday=2, tm_yday=362, tm_isdst=0)",https://lenta.ru/rss/,28.12.2022,2
177,Моя страна,"time.struct_time(tm_year=2022, tm_mon=12, tm_mday=28, tm_hour=11, tm_min=35, tm_sec=0, tm_wday=2, tm_yday=362, tm_isdst=0)",https://lenta.ru/rss/,28.12.2022,2
178,Россия,"time.struct_time(tm_year=2022, tm_mon=12, tm_mday=28, tm_hour=11, tm_min=33, tm_sec=0, tm_wday=2, tm_yday=362, tm_isdst=0)",https://lenta.ru/rss/,28.12.2022,2
179,Россия,"time.struct_time(tm_year=2022, tm_mon=12, tm_mday=28, tm_hour=11, tm_min=32, tm_sec=0, tm_wday=2, tm_yday=362, tm_isdst=0)",https://lenta.ru/rss/,28.12.2022,2
180,Россия,"time.struct_time(tm_year=2022, tm_mon=12, tm_mday=28, tm_hour=11, tm_min=31, tm_sec=0, tm_wday=2, tm_yday=362, tm_isdst=0)",https://lenta.ru/rss/,28.12.2022,2
181,Экономика,"time.struct_time(tm_year=2022, tm_mon=12, tm_mday=28, tm_hour=11, tm_min=29, tm_sec=26, tm_wday=2, tm_yday=362, tm_isdst=0)",https://lenta.ru/rss/,28.12.2022,2
182,Россия,"time.struct_time(tm_year=2022, tm_mon=12, tm_mday=28, tm_hour=11, tm_min=29, tm_sec=0, tm_wday=2, tm_yday=362, tm_isdst=0)",https://lenta.ru/rss/,28.12.2022,2
183,Бывший СССР,"time.struct_time(tm_year=2022, tm_mon=12, tm_mday=28, tm_hour=11, tm_min=29, tm_sec=0, tm_wday=2, tm_yday=362, tm_isdst=0)",https://lenta.ru/rss/,28.12.2022,2
184,Культура,"time.struct_time(tm_year=2022, tm_mon=12, tm_mday=28, tm_hour=11, tm_min=22, tm_sec=19, tm_wday=2, tm_yday=362, tm_isdst=0)",https://lenta.ru/rss/,28.12.2022,2
185,Бывший СССР,"time.struct_time(tm_year=2022, tm_mon=12, tm_mday=28, tm_hour=11, tm_min=22, tm_sec=0, tm_wday=2, tm_yday=362, tm_isdst=0)",https://lenta.ru/rss/,28.12.2022,2
186,Забота о себе,"time.struct_time(tm_year=2022, tm_mon=12, tm_mday=28, tm_hour=11, tm_min=20, tm_sec=56, tm_wday=2, tm_yday=362, tm_isdst=0)",https://lenta.ru/rss/,28.12.2022,2
187,Путешествия,"time.struct_time(tm_year=2022, tm_mon=12, tm_mday=28, tm_hour=11, tm_min=20, tm_sec=45, tm_wday=2, tm_yday=362, tm_isdst=0)",https://lenta.ru/rss/,28.12.2022,2
188,Среда обитания,"time.struct_time(tm_year=2022, tm_mon=12, tm_mday=28, tm_hour=11, tm_min=20, tm_sec=0, tm_wday=2, tm_yday=362, tm_isdst=0)",https://lenta.ru/rss/,28.12.2022,2
189,Моя страна,"time.struct_time(tm_year=2022, tm_mon=12, tm_mday=28, tm_hour=11, tm_min=17, tm_sec=46, tm_wday=2, tm_yday=362, tm_isdst=0)",https://lenta.ru/rss/,28.12.2022,2
190,Бывший СССР,"time.struct_time(tm_year=2022, tm_mon=12, tm_mday=28, tm_hour=11, tm_min=17, tm_sec=0, tm_wday=2, tm_yday=362, tm_isdst=0)",https://lenta.ru/rss/,28.12.2022,2
191,Наука и техника,"time.struct_time(tm_year=2022, tm_mon=12, tm_mday=28, tm_hour=11, tm_min=17, tm_sec=0, tm_wday=2, tm_yday=362, tm_isdst=0)",https://lenta.ru/rss/,28.12.2022,2
192,Интернет и СМИ,"time.struct_time(tm_year=2022, tm_mon=12, tm_mday=28, tm_hour=11, tm_min=12, tm_sec=0, tm_wday=2, tm_yday=362, tm_isdst=0)",https://lenta.ru/rss/,28.12.2022,2
193,Путешествия,"time.struct_time(tm_year=2022, tm_mon=12, tm_mday=28, tm_hour=11, tm_min=11, tm_sec=0, tm_wday=2, tm_yday=362, tm_isdst=0)",https://lenta.ru/rss/,28.12.2022,2
194,Силовые структуры,"time.struct_time(tm_year=2022, tm_mon=12, tm_mday=28, tm_hour=11, tm_min=11, tm_sec=0, tm_wday=2, tm_yday=362, tm_isdst=0)",https://lenta.ru/rss/,28.12.2022,2
195,Мир,"time.struct_time(tm_year=2022, tm_mon=12, tm_mday=28, tm_hour=11, tm_min=9, tm_sec=0, tm_wday=2, tm_yday=362, tm_isdst=0)",https://lenta.ru/rss/,28.12.2022,2
196,Среда обитания,"time.struct_time(tm_year=2022, tm_mon=12, tm_mday=28, tm_hour=11, tm_min=7, tm_sec=0, tm_wday=2, tm_yday=362, tm_isdst=0)",https://lenta.ru/rss/,28.12.2022,2
197,Ценности,"time.struct_time(tm_year=2022, tm_mon=12, tm_mday=28, tm_hour=11, tm_min=4, tm_sec=0, tm_wday=2, tm_yday=362, tm_isdst=0)",https://lenta.ru/rss/,28.12.2022,2
198,Россия,"time.struct_time(tm_year=2022, tm_mon=12, tm_mday=28, tm_hour=11, tm_min=2, tm_sec=0, tm_wday=2, tm_yday=362, tm_isdst=0)",https://lenta.ru/rss/,28.12.2022,2
199,Забота о себе,"time.struct_time(tm_year=2022, tm_mon=12, tm_mday=28, tm_hour=10, tm_min=59, tm_sec=0, tm_wday=2, tm_yday=362, tm_isdst=0)",https://lenta.ru/rss/,28.12.2022,2
200,Происшествия,"time.struct_time(tm_year=2022, tm_mon=12, tm_mday=28, tm_hour=18, tm_min=10, tm_sec=16, tm_wday=2, tm_yday=362, tm_isdst=0)",https://tass.ru/rss/v2.xml,28.12.2022,2
201,Космос,"time.struct_time(tm_year=2022, tm_mon=12, tm_mday=28, tm_hour=18, tm_min=10, tm_sec=8, tm_wday=2, tm_yday=362, tm_isdst=0)",https://tass.ru/rss/v2.xml,28.12.2022,2
202,Экономика и бизнес,"time.struct_time(tm_year=2022, tm_mon=12, tm_mday=28, tm_hour=18, tm_min=8, tm_sec=11, tm_wday=2, tm_yday=362, tm_isdst=0)",https://tass.ru/rss/v2.xml,28.12.2022,2
203,Экономика и бизнес,"time.struct_time(tm_year=2022, tm_mon=12, tm_mday=28, tm_hour=18, tm_min=2, tm_sec=11, tm_wday=2, tm_yday=362, tm_isdst=0)",https://tass.ru/rss/v2.xml,28.12.2022,2
204,Экономика и бизнес,"time.struct_time(tm_year=2022, tm_mon=12, tm_mday=28, tm_hour=18, tm_min=1, tm_sec=29, tm_wday=2, tm_yday=362, tm_isdst=0)",https://tass.ru/rss/v2.xml,28.12.2022,2
205,Международная панорама,"time.struct_time(tm_year=2022, tm_mon=12, tm_mday=28, tm_hour=18, tm_min=0, tm_sec=48, tm_wday=2, tm_yday=362, tm_isdst=0)",https://tass.ru/rss/v2.xml,28.12.2022,2
206,Происшествия,"time.struct_time(tm_year=2022, tm_mon=12, tm_mday=28, tm_hour=18, tm_min=0, tm_sec=16, tm_wday=2, tm_yday=362, tm_isdst=0)",https://tass.ru/rss/v2.xml,28.12.2022,2
207,Общество,"time.struct_time(tm_year=2022, tm_mon=12, tm_mday=28, tm_hour=18, tm_min=0, tm_sec=11, tm_wday=2, tm_yday=362, tm_isdst=0)",https://tass.ru/rss/v2.xml,28.12.2022,2
208,Общество,"time.struct_time(tm_year=2022, tm_mon=12, tm_mday=28, tm_hour=17, tm_min=59, tm_sec=47, tm_wday=2, tm_yday=362, tm_isdst=0)",https://tass.ru/rss/v2.xml,28.12.2022,2
209,Общество,"time.struct_time(tm_year=2022, tm_mon=12, tm_mday=28, tm_hour=17, tm_min=59, tm_sec=19, tm_wday=2, tm_yday=362, tm_isdst=0)",https://tass.ru/rss/v2.xml,28.12.2022,2
210,Культура,"time.struct_time(tm_year=2022, tm_mon=12, tm_mday=28, tm_hour=17, tm_min=59, tm_sec=5, tm_wday=2, tm_yday=362, tm_isdst=0)",https://tass.ru/rss/v2.xml,28.12.2022,2
211,Общество,"time.struct_time(tm_year=2022, tm_mon=12, tm_mday=28, tm_hour=17, tm_min=58, tm_sec=36, tm_wday=2, tm_yday=362, tm_isdst=0)",https://tass.ru/rss/v2.xml,28.12.2022,2
212,Общество,"time.struct_time(tm_year=2022, tm_mon=12, tm_mday=28, tm_hour=17, tm_min=57, tm_sec=12, tm_wday=2, tm_yday=362, tm_isdst=0)",https://tass.ru/rss/v2.xml,28.12.2022,2
213,Спорт,"time.struct_time(tm_year=2022, tm_mon=12, tm_mday=28, tm_hour=17, tm_min=57, tm_sec=4, tm_wday=2, tm_yday=362, tm_isdst=0)",https://tass.ru/rss/v2.xml,28.12.2022,2
214,Армия и ОПК,"time.struct_time(tm_year=2022, tm_mon=12, tm_mday=28, tm_hour=17, tm_min=56, tm_sec=47, tm_wday=2, tm_yday=362, tm_isdst=0)",https://tass.ru/rss/v2.xml,28.12.2022,2
215,Экономика и бизнес,"time.struct_time(tm_year=2022, tm_mon=12, tm_mday=28, tm_hour=17, tm_min=56, tm_sec=27, tm_wday=2, tm_yday=362, tm_isdst=0)",https://tass.ru/rss/v2.xml,28.12.2022,2
216,Общество,"time.struct_time(tm_year=2022, tm_mon=12, tm_mday=28, tm_hour=17, tm_min=55, tm_sec=1, tm_wday=2, tm_yday=362, tm_isdst=0)",https://tass.ru/rss/v2.xml,28.12.2022,2
217,Экономика и бизнес,"time.struct_time(tm_year=2022, tm_mon=12, tm_mday=28, tm_hour=17, tm_min=54, tm_sec=5, tm_wday=2, tm_yday=362, tm_isdst=0)",https://tass.ru/rss/v2.xml,28.12.2022,2
218,Недвижимость,"time.struct_time(tm_year=2022, tm_mon=12, tm_mday=28, tm_hour=17, tm_min=52, tm_sec=33, tm_wday=2, tm_yday=362, tm_isdst=0)",https://tass.ru/rss/v2.xml,28.12.2022,2
219,Экономика и бизнес,"time.struct_time(tm_year=2022, tm_mon=12, tm_mday=28, tm_hour=17, tm_min=51, tm_sec=29, tm_wday=2, tm_yday=362, tm_isdst=0)",https://tass.ru/rss/v2.xml,28.12.2022,2
220,Общество,"time.struct_time(tm_year=2022, tm_mon=12, tm_mday=28, tm_hour=17, tm_min=50, tm_sec=49, tm_wday=2, tm_yday=362, tm_isdst=0)",https://tass.ru/rss/v2.xml,28.12.2022,2
221,Экономика и бизнес,"time.struct_time(tm_year=2022, tm_mon=12, tm_mday=28, tm_hour=17, tm_min=48, tm_sec=19, tm_wday=2, tm_yday=362, tm_isdst=0)",https://tass.ru/rss/v2.xml,28.12.2022,2
222,Общество,"time.struct_time(tm_year=2022, tm_mon=12, tm_mday=28, tm_hour=17, tm_min=47, tm_sec=16, tm_wday=2, tm_yday=362, tm_isdst=0)",https://tass.ru/rss/v2.xml,28.12.2022,2
223,Общество,"time.struct_time(tm_year=2022, tm_mon=12, tm_mday=28, tm_hour=17, tm_min=44, tm_sec=36, tm_wday=2, tm_yday=362, tm_isdst=0)",https://tass.ru/rss/v2.xml,28.12.2022,2
224,Экономика и бизнес,"time.struct_time(tm_year=2022, tm_mon=12, tm_mday=28, tm_hour=17, tm_min=40, tm_sec=56, tm_wday=2, tm_yday=362, tm_isdst=0)",https://tass.ru/rss/v2.xml,28.12.2022,2
225,Политика,"time.struct_time(tm_year=2022, tm_mon=12, tm_mday=28, tm_hour=17, tm_min=38, tm_sec=40, tm_wday=2, tm_yday=362, tm_isdst=0)",https://tass.ru/rss/v2.xml,28.12.2022,2
226,Политика,"time.struct_time(tm_year=2022, tm_mon=12, tm_mday=28, tm_hour=17, tm_min=38, tm_sec=10, tm_wday=2, tm_yday=362, tm_isdst=0)",https://tass.ru/rss/v2.xml,28.12.2022,2
227,Политика,"time.struct_time(tm_year=2022, tm_mon=12, tm_mday=28, tm_hour=17, tm_min=37, tm_sec=57, tm_wday=2, tm_yday=362, tm_isdst=0)",https://tass.ru/rss/v2.xml,28.12.2022,2
228,Политика,"time.struct_time(tm_year=2022, tm_mon=12, tm_mday=28, tm_hour=17, tm_min=37, tm_sec=54, tm_wday=2, tm_yday=362, tm_isdst=0)",https://tass.ru/rss/v2.xml,28.12.2022,2
229,Политика,"time.struct_time(tm_year=2022, tm_mon=12, tm_mday=28, tm_hour=17, tm_min=37, tm_sec=22, tm_wday=2, tm_yday=362, tm_isdst=0)",https://tass.ru/rss/v2.xml,28.12.2022,2
230,Политика,"time.struct_time(tm_year=2022, tm_mon=12, tm_mday=28, tm_hour=17, tm_min=36, tm_sec=43, tm_wday=2, tm_yday=362, tm_isdst=0)",https://tass.ru/rss/v2.xml,28.12.2022,2
231,Армия и ОПК,"time.struct_time(tm_year=2022, tm_mon=12, tm_mday=28, tm_hour=17, tm_min=35, tm_sec=47, tm_wday=2, tm_yday=362, tm_isdst=0)",https://tass.ru/rss/v2.xml,28.12.2022,2
232,Политика,"time.struct_time(tm_year=2022, tm_mon=12, tm_mday=28, tm_hour=17, tm_min=35, tm_sec=27, tm_wday=2, tm_yday=362, tm_isdst=0)",https://tass.ru/rss/v2.xml,28.12.2022,2
233,Политика,"time.struct_time(tm_year=2022, tm_mon=12, tm_mday=28, tm_hour=17, tm_min=33, tm_sec=40, tm_wday=2, tm_yday=362, tm_isdst=0)",https://tass.ru/rss/v2.xml,28.12.2022,2
234,Политика,"time.struct_time(tm_year=2022, tm_mon=12, tm_mday=28, tm_hour=17, tm_min=32, tm_sec=49, tm_wday=2, tm_yday=362, tm_isdst=0)",https://tass.ru/rss/v2.xml,28.12.2022,2
235,Экономика и бизнес,"time.struct_time(tm_year=2022, tm_mon=12, tm_mday=28, tm_hour=17, tm_min=31, tm_sec=37, tm_wday=2, tm_yday=362, tm_isdst=0)",https://tass.ru/rss/v2.xml,28.12.2022,2
236,Экономика и бизнес,"time.struct_time(tm_year=2022, tm_mon=12, tm_mday=28, tm_hour=17, tm_min=30, tm_sec=7, tm_wday=2, tm_yday=362, tm_isdst=0)",https://tass.ru/rss/v2.xml,28.12.2022,2
237,Политика,"time.struct_time(tm_year=2022, tm_mon=12, tm_mday=28, tm_hour=17, tm_min=30, tm_sec=0, tm_wday=2, tm_yday=362, tm_isdst=0)",https://tass.ru/rss/v2.xml,28.12.2022,2
238,Общество,"time.struct_time(tm_year=2022, tm_mon=12, tm_mday=28, tm_hour=17, tm_min=28, tm_sec=51, tm_wday=2, tm_yday=362, tm_isdst=0)",https://tass.ru/rss/v2.xml,28.12.2022,2
239,Политика,"time.struct_time(tm_year=2022, tm_mon=12, tm_mday=28, tm_hour=17, tm_min=28, tm_sec=50, tm_wday=2, tm_yday=362, tm_isdst=0)",https://tass.ru/rss/v2.xml,28.12.2022,2
240,Политика,"time.struct_time(tm_year=2022, tm_mon=12, tm_mday=28, tm_hour=17, tm_min=28, tm_sec=4, tm_wday=2, tm_yday=362, tm_isdst=0)",https://tass.ru/rss/v2.xml,28.12.2022,2
241,Политика,"time.struct_time(tm_year=2022, tm_mon=12, tm_mday=28, tm_hour=17, tm_min=27, tm_sec=52, tm_wday=2, tm_yday=362, tm_isdst=0)",https://tass.ru/rss/v2.xml,28.12.2022,2
242,Политика,"time.struct_time(tm_year=2022, tm_mon=12, tm_mday=28, tm_hour=17, tm_min=27, tm_sec=43, tm_wday=2, tm_yday=362, tm_isdst=0)",https://tass.ru/rss/v2.xml,28.12.2022,2
243,Экономика и бизнес,"time.struct_time(tm_year=2022, tm_mon=12, tm_mday=28, tm_hour=17, tm_min=27, tm_sec=30, tm_wday=2, tm_yday=362, tm_isdst=0)",https://tass.ru/rss/v2.xml,28.12.2022,2
244,Политика,"time.struct_time(tm_year=2022, tm_mon=12, tm_mday=28, tm_hour=17, tm_min=26, tm_sec=45, tm_wday=2, tm_yday=362, tm_isdst=0)",https://tass.ru/rss/v2.xml,28.12.2022,2
245,Политика,"time.struct_time(tm_year=2022, tm_mon=12, tm_mday=28, tm_hour=17, tm_min=26, tm_sec=17, tm_wday=2, tm_yday=362, tm_isdst=0)",https://tass.ru/rss/v2.xml,28.12.2022,2
246,Происшествия,"time.struct_time(tm_year=2022, tm_mon=12, tm_mday=28, tm_hour=17, tm_min=25, tm_sec=37, tm_wday=2, tm_yday=362, tm_isdst=0)",https://tass.ru/rss/v2.xml,28.12.2022,2
247,Политика,"time.struct_time(tm_year=2022, tm_mon=12, tm_mday=28, tm_hour=17, tm_min=20, tm_sec=59, tm_wday=2, tm_yday=362, tm_isdst=0)",https://tass.ru/rss/v2.xml,28.12.2022,2
248,Общество,"time.struct_time(tm_year=2022, tm_mon=12, tm_mday=28, tm_hour=17, tm_min=20, tm_sec=12, tm_wday=2, tm_yday=362, tm_isdst=0)",https://tass.ru/rss/v2.xml,28.12.2022,2
249,Спорт,"time.struct_time(tm_year=2022, tm_mon=12, tm_mday=28, tm_hour=17, tm_min=20, tm_sec=6, tm_wday=2, tm_yday=362, tm_isdst=0)",https://tass.ru/rss/v2.xml,28.12.2022,2
250,Политика,"time.struct_time(tm_year=2022, tm_mon=12, tm_mday=28, tm_hour=17, tm_min=17, tm_sec=50, tm_wday=2, tm_yday=362, tm_isdst=0)",https://tass.ru/rss/v2.xml,28.12.2022,2
251,Политика,"time.struct_time(tm_year=2022, tm_mon=12, tm_mday=28, tm_hour=17, tm_min=16, tm_sec=2, tm_wday=2, tm_yday=362, tm_isdst=0)",https://tass.ru/rss/v2.xml,28.12.2022,2
252,Общество,"time.struct_time(tm_year=2022, tm_mon=12, tm_mday=28, tm_hour=17, tm_min=15, tm_sec=39, tm_wday=2, tm_yday=362, tm_isdst=0)",https://tass.ru/rss/v2.xml,28.12.2022,2
253,Политика,"time.struct_time(tm_year=2022, tm_mon=12, tm_mday=28, tm_hour=17, tm_min=14, tm_sec=4, tm_wday=2, tm_yday=362, tm_isdst=0)",https://tass.ru/rss/v2.xml,28.12.2022,2
254,Экономика и бизнес,"time.struct_time(tm_year=2022, tm_mon=12, tm_mday=28, tm_hour=17, tm_min=13, tm_sec=27, tm_wday=2, tm_yday=362, tm_isdst=0)",https://tass.ru/rss/v2.xml,28.12.2022,2
255,Происшествия,"time.struct_time(tm_year=2022, tm_mon=12, tm_mday=28, tm_hour=17, tm_min=13, tm_sec=23, tm_wday=2, tm_yday=362, tm_isdst=0)",https://tass.ru/rss/v2.xml,28.12.2022,2
256,Происшествия,"time.struct_time(tm_year=2022, tm_mon=12, tm_mday=28, tm_hour=17, tm_min=12, tm_sec=41, tm_wday=2, tm_yday=362, tm_isdst=0)",https://tass.ru/rss/v2.xml,28.12.2022,2
257,Москва,"time.struct_time(tm_year=2022, tm_mon=12, tm_mday=28, tm_hour=17, tm_min=11, tm_sec=40, tm_wday=2, tm_yday=362, tm_isdst=0)",https://tass.ru/rss/v2.xml,28.12.2022,2
258,Политика,"time.struct_time(tm_year=2022, tm_mon=12, tm_mday=28, tm_hour=17, tm_min=9, tm_sec=37, tm_wday=2, tm_yday=362, tm_isdst=0)",https://tass.ru/rss/v2.xml,28.12.2022,2
259,Общество,"time.struct_time(tm_year=2022, tm_mon=12, tm_mday=28, tm_hour=17, tm_min=7, tm_sec=21, tm_wday=2, tm_yday=362, tm_isdst=0)",https://tass.ru/rss/v2.xml,28.12.2022,2
260,Политика,"time.struct_time(tm_year=2022, tm_mon=12, tm_mday=28, tm_hour=17, tm_min=6, tm_sec=28, tm_wday=2, tm_yday=362, tm_isdst=0)",https://tass.ru/rss/v2.xml,28.12.2022,2
261,Москва,"time.struct_time(tm_year=2022, tm_mon=12, tm_mday=28, tm_hour=17, tm_min=5, tm_sec=15, tm_wday=2, tm_yday=362, tm_isdst=0)",https://tass.ru/rss/v2.xml,28.12.2022,2
262,Международная панорама,"time.struct_time(tm_year=2022, tm_mon=12, tm_mday=28, tm_hour=17, tm_min=1, tm_sec=58, tm_wday=2, tm_yday=362, tm_isdst=0)",https://tass.ru/rss/v2.xml,28.12.2022,2
263,Экономика и бизнес,"time.struct_time(tm_year=2022, tm_mon=12, tm_mday=28, tm_hour=17, tm_min=1, tm_sec=4, tm_wday=2, tm_yday=362, tm_isdst=0)",https://tass.ru/rss/v2.xml,28.12.2022,2
264,Экономика и бизнес,"time.struct_time(tm_year=2022, tm_mon=12, tm_mday=28, tm_hour=16, tm_min=57, tm_sec=50, tm_wday=2, tm_yday=362, tm_isdst=0)",https://tass.ru/rss/v2.xml,28.12.2022,2
265,Международная панорама,"time.struct_time(tm_year=2022, tm_mon=12, tm_mday=28, tm_hour=16, tm_min=53, tm_sec=58, tm_wday=2, tm_yday=362, tm_isdst=0)",https://tass.ru/rss/v2.xml,28.12.2022,2
266,Экономика и бизнес,"time.struct_time(tm_year=2022, tm_mon=12, tm_mday=28, tm_hour=16, tm_min=52, tm_sec=29, tm_wday=2, tm_yday=362, tm_isdst=0)",https://tass.ru/rss/v2.xml,28.12.2022,2
267,Международная панорама,"time.struct_time(tm_year=2022, tm_mon=12, tm_mday=28, tm_hour=16, tm_min=51, tm_sec=52, tm_wday=2, tm_yday=362, tm_isdst=0)",https://tass.ru/rss/v2.xml,28.12.2022,2
268,Культура,"time.struct_time(tm_year=2022, tm_mon=12, tm_mday=28, tm_hour=16, tm_min=51, tm_sec=22, tm_wday=2, tm_yday=362, tm_isdst=0)",https://tass.ru/rss/v2.xml,28.12.2022,2
269,Экономика и бизнес,"time.struct_time(tm_year=2022, tm_mon=12, tm_mday=28, tm_hour=16, tm_min=49, tm_sec=52, tm_wday=2, tm_yday=362, tm_isdst=0)",https://tass.ru/rss/v2.xml,28.12.2022,2
270,Экономика и бизнес,"time.struct_time(tm_year=2022, tm_mon=12, tm_mday=28, tm_hour=16, tm_min=49, tm_sec=5, tm_wday=2, tm_yday=362, tm_isdst=0)",https://tass.ru/rss/v2.xml,28.12.2022,2
271,Политика,"time.struct_time(tm_year=2022, tm_mon=12, tm_mday=28, tm_hour=16, tm_min=45, tm_sec=36, tm_wday=2, tm_yday=362, tm_isdst=0)",https://tass.ru/rss/v2.xml,28.12.2022,2
272,Международная панорама,"time.struct_time(tm_year=2022, tm_mon=12, tm_mday=28, tm_hour=16, tm_min=45, tm_sec=10, tm_wday=2, tm_yday=362, tm_isdst=0)",https://tass.ru/rss/v2.xml,28.12.2022,2
273,Общество,"time.struct_time(tm_year=2022, tm_mon=12, tm_mday=28, tm_hour=16, tm_min=44, tm_sec=19, tm_wday=2, tm_yday=362, tm_isdst=0)",https://tass.ru/rss/v2.xml,28.12.2022,2
274,Спорт,"time.struct_time(tm_year=2022, tm_mon=12, tm_mday=28, tm_hour=16, tm_min=43, tm_sec=11, tm_wday=2, tm_yday=362, tm_isdst=0)",https://tass.ru/rss/v2.xml,28.12.2022,2
275,Экономика и бизнес,"time.struct_time(tm_year=2022, tm_mon=12, tm_mday=28, tm_hour=16, tm_min=41, tm_sec=58, tm_wday=2, tm_yday=362, tm_isdst=0)",https://tass.ru/rss/v2.xml,28.12.2022,2
276,Международная панорама,"time.struct_time(tm_year=2022, tm_mon=12, tm_mday=28, tm_hour=16, tm_min=40, tm_sec=47, tm_wday=2, tm_yday=362, tm_isdst=0)",https://tass.ru/rss/v2.xml,28.12.2022,2
277,Происшествия,"time.struct_time(tm_year=2022, tm_mon=12, tm_mday=28, tm_hour=16, tm_min=36, tm_sec=41, tm_wday=2, tm_yday=362, tm_isdst=0)",https://tass.ru/rss/v2.xml,28.12.2022,2
278,Происшествия,"time.struct_time(tm_year=2022, tm_mon=12, tm_mday=28, tm_hour=16, tm_min=33, tm_sec=39, tm_wday=2, tm_yday=362, tm_isdst=0)",https://tass.ru/rss/v2.xml,28.12.2022,2
279,Происшествия,"time.struct_time(tm_year=2022, tm_mon=12, tm_mday=28, tm_hour=16, tm_min=33, tm_sec=18, tm_wday=2, tm_yday=362, tm_isdst=0)",https://tass.ru/rss/v2.xml,28.12.2022,2
280,Международная панорама,"time.struct_time(tm_year=2022, tm_mon=12, tm_mday=28, tm_hour=16, tm_min=33, tm_sec=14, tm_wday=2, tm_yday=362, tm_isdst=0)",https://tass.ru/rss/v2.xml,28.12.2022,2
281,Спорт,"time.struct_time(tm_year=2022, tm_mon=12, tm_mday=28, tm_hour=16, tm_min=32, tm_sec=51, tm_wday=2, tm_yday=362, tm_isdst=0)",https://tass.ru/rss/v2.xml,28.12.2022,2
282,Международная панорама,"time.struct_time(tm_year=2022, tm_mon=12, tm_mday=28, tm_hour=16, tm_min=32, tm_sec=48, tm_wday=2, tm_yday=362, tm_isdst=0)",https://tass.ru/rss/v2.xml,28.12.2022,2
283,Происшествия,"time.struct_time(tm_year=2022, tm_mon=12, tm_mday=28, tm_hour=16, tm_min=32, tm_sec=24, tm_wday=2, tm_yday=362, tm_isdst=0)",https://tass.ru/rss/v2.xml,28.12.2022,2
284,Экономика и бизнес,"time.struct_time(tm_year=2022, tm_mon=12, tm_mday=28, tm_hour=16, tm_min=30, tm_sec=40, tm_wday=2, tm_yday=362, tm_isdst=0)",https://tass.ru/rss/v2.xml,28.12.2022,2
285,Общество,"time.struct_time(tm_year=2022, tm_mon=12, tm_mday=28, tm_hour=16, tm_min=29, tm_sec=6, tm_wday=2, tm_yday=362, tm_isdst=0)",https://tass.ru/rss/v2.xml,28.12.2022,2
286,Экономика и бизнес,"time.struct_time(tm_year=2022, tm_mon=12, tm_mday=28, tm_hour=16, tm_min=28, tm_sec=28, tm_wday=2, tm_yday=362, tm_isdst=0)",https://tass.ru/rss/v2.xml,28.12.2022,2
287,Политика,"time.struct_time(tm_year=2022, tm_mon=12, tm_mday=28, tm_hour=16, tm_min=28, tm_sec=23, tm_wday=2, tm_yday=362, tm_isdst=0)",https://tass.ru/rss/v2.xml,28.12.2022,2
288,Общество,"time.struct_time(tm_year=2022, tm_mon=12, tm_mday=28, tm_hour=16, tm_min=27, tm_sec=52, tm_wday=2, tm_yday=362, tm_isdst=0)",https://tass.ru/rss/v2.xml,28.12.2022,2
289,Происшествия,"time.struct_time(tm_year=2022, tm_mon=12, tm_mday=28, tm_hour=16, tm_min=26, tm_sec=16, tm_wday=2, tm_yday=362, tm_isdst=0)",https://tass.ru/rss/v2.xml,28.12.2022,2
290,Экономика и бизнес,"time.struct_time(tm_year=2022, tm_mon=12, tm_mday=28, tm_hour=16, tm_min=24, tm_sec=56, tm_wday=2, tm_yday=362, tm_isdst=0)",https://tass.ru/rss/v2.xml,28.12.2022,2
291,Экономика и бизнес,"time.struct_time(tm_year=2022, tm_mon=12, tm_mday=28, tm_hour=16, tm_min=21, tm_sec=1, tm_wday=2, tm_yday=362, tm_isdst=0)",https://tass.ru/rss/v2.xml,28.12.2022,2
292,Экономика и бизнес,"time.struct_time(tm_year=2022, tm_mon=12, tm_mday=28, tm_hour=16, tm_min=20, tm_sec=30, tm_wday=2, tm_yday=362, tm_isdst=0)",https://tass.ru/rss/v2.xml,28.12.2022,2
293,Экономика и бизнес,"time.struct_time(tm_year=2022, tm_mon=12, tm_mday=28, tm_hour=16, tm_min=19, tm_sec=34, tm_wday=2, tm_yday=362, tm_isdst=0)",https://tass.ru/rss/v2.xml,28.12.2022,2
294,Общество,"time.struct_time(tm_year=2022, tm_mon=12, tm_mday=28, tm_hour=16, tm_min=18, tm_sec=53, tm_wday=2, tm_yday=362, tm_isdst=0)",https://tass.ru/rss/v2.xml,28.12.2022,2
295,Экономика и бизнес,"time.struct_time(tm_year=2022, tm_mon=12, tm_mday=28, tm_hour=16, tm_min=18, tm_sec=16, tm_wday=2, tm_yday=362, tm_isdst=0)",https://tass.ru/rss/v2.xml,28.12.2022,2
296,Недвижимость,"time.struct_time(tm_year=2022, tm_mon=12, tm_mday=28, tm_hour=16, tm_min=18, tm_sec=4, tm_wday=2, tm_yday=362, tm_isdst=0)",https://tass.ru/rss/v2.xml,28.12.2022,2
297,Экономика и бизнес,"time.struct_time(tm_year=2022, tm_mon=12, tm_mday=28, tm_hour=16, tm_min=17, tm_sec=45, tm_wday=2, tm_yday=362, tm_isdst=0)",https://tass.ru/rss/v2.xml,28.12.2022,2
298,Общество,"time.struct_time(tm_year=2022, tm_mon=12, tm_mday=28, tm_hour=16, tm_min=16, tm_sec=33, tm_wday=2, tm_yday=362, tm_isdst=0)",https://tass.ru/rss/v2.xml,28.12.2022,2
299,Общество,"time.struct_time(tm_year=2022, tm_mon=12, tm_mday=28, tm_hour=18, tm_min=13, tm_sec=0, tm_wday=2, tm_yday=362, tm_isdst=0)",https://www.vedomosti.ru/rss/news,28.12.2022,2
300,Экономика,"time.struct_time(tm_year=2022, tm_mon=12, tm_mday=28, tm_hour=17, tm_min=56, tm_sec=24, tm_wday=2, tm_yday=362, tm_isdst=0)",https://www.vedomosti.ru/rss/news,28.12.2022,2
301,Политика,"time.struct_time(tm_year=2022, tm_mon=12, tm_mday=28, tm_hour=17, tm_min=44, tm_sec=54, tm_wday=2, tm_yday=362, tm_isdst=0)",https://www.vedomosti.ru/rss/news,28.12.2022,2
302,Экономика,"time.struct_time(tm_year=2022, tm_mon=12, tm_mday=28, tm_hour=17, tm_min=28, tm_sec=7, tm_wday=2, tm_yday=362, tm_isdst=0)",https://www.vedomosti.ru/rss/news,28.12.2022,2
303,Политика,"time.struct_time(tm_year=2022, tm_mon=12, tm_mday=28, tm_hour=17, tm_min=11, tm_sec=8, tm_wday=2, tm_yday=362, tm_isdst=0)",https://www.vedomosti.ru/rss/news,28.12.2022,2
304,Экономика,"time.struct_time(tm_year=2022, tm_mon=12, tm_mday=28, tm_hour=16, tm_min=48, tm_sec=40, tm_wday=2, tm_yday=362, tm_isdst=0)",https://www.vedomosti.ru/rss/news,28.12.2022,2
305,Политика,"time.struct_time(tm_year=2022, tm_mon=12, tm_mday=28, tm_hour=16, tm_min=31, tm_sec=2, tm_wday=2, tm_yday=362, tm_isdst=0)",https://www.vedomosti.ru/rss/news,28.12.2022,2
306,Общество,"time.struct_time(tm_year=2022, tm_mon=12, tm_mday=28, tm_hour=16, tm_min=18, tm_sec=13, tm_wday=2, tm_yday=362, tm_isdst=0)",https://www.vedomosti.ru/rss/news,28.12.2022,2
307,Политика,"time.struct_time(tm_year=2022, tm_mon=12, tm_mday=28, tm_hour=16, tm_min=7, tm_sec=22, tm_wday=2, tm_yday=362, tm_isdst=0)",https://www.vedomosti.ru/rss/news,28.12.2022,2
308,Политика,"time.struct_time(tm_year=2022, tm_mon=12, tm_mday=28, tm_hour=16, tm_min=2, tm_sec=27, tm_wday=2, tm_yday=362, tm_isdst=0)",https://www.vedomosti.ru/rss/news,28.12.2022,2
309,Технологии,"time.struct_time(tm_year=2022, tm_mon=12, tm_mday=28, tm_hour=15, tm_min=49, tm_sec=1, tm_wday=2, tm_yday=362, tm_isdst=0)",https://www.vedomosti.ru/rss/news,28.12.2022,2
310,Бизнес,"time.struct_time(tm_year=2022, tm_mon=12, tm_mday=28, tm_hour=15, tm_min=44, tm_sec=5, tm_wday=2, tm_yday=362, tm_isdst=0)",https://www.vedomosti.ru/rss/news,28.12.2022,2
311,Бизнес,"time.struct_time(tm_year=2022, tm_mon=12, tm_mday=28, tm_hour=15, tm_min=31, tm_sec=37, tm_wday=2, tm_yday=362, tm_isdst=0)",https://www.vedomosti.ru/rss/news,28.12.2022,2
312,Общество,"time.struct_time(tm_year=2022, tm_mon=12, tm_mday=28, tm_hour=15, tm_min=27, tm_sec=21, tm_wday=2, tm_yday=362, tm_isdst=0)",https://www.vedomosti.ru/rss/news,28.12.2022,2
313,Политика,"time.struct_time(tm_year=2022, tm_mon=12, tm_mday=28, tm_hour=15, tm_min=10, tm_sec=10, tm_wday=2, tm_yday=362, tm_isdst=0)",https://www.vedomosti.ru/rss/news,28.12.2022,2
314,Бизнес,"time.struct_time(tm_year=2022, tm_mon=12, tm_mday=28, tm_hour=14, tm_min=51, tm_sec=44, tm_wday=2, tm_yday=362, tm_isdst=0)",https://www.vedomosti.ru/rss/news,28.12.2022,2
315,Общество,"time.struct_time(tm_year=2022, tm_mon=12, tm_mday=28, tm_hour=14, tm_min=34, tm_sec=49, tm_wday=2, tm_yday=362, tm_isdst=0)",https://www.vedomosti.ru/rss/news,28.12.2022,2
316,Экономика,"time.struct_time(tm_year=2022, tm_mon=12, tm_mday=28, tm_hour=14, tm_min=20, tm_sec=39, tm_wday=2, tm_yday=362, tm_isdst=0)",https://www.vedomosti.ru/rss/news,28.12.2022,2
317,Политика,"time.struct_time(tm_year=2022, tm_mon=12, tm_mday=28, tm_hour=14, tm_min=13, tm_sec=37, tm_wday=2, tm_yday=362, tm_isdst=0)",https://www.vedomosti.ru/rss/news,28.12.2022,2
318,Бизнес,"time.struct_time(tm_year=2022, tm_mon=12, tm_mday=28, tm_hour=13, tm_min=57, tm_sec=9, tm_wday=2, tm_yday=362, tm_isdst=0)",https://www.vedomosti.ru/rss/news,28.12.2022,2
319,Политика,"time.struct_time(tm_year=2022, tm_mon=12, tm_mday=28, tm_hour=13, tm_min=48, tm_sec=25, tm_wday=2, tm_yday=362, tm_isdst=0)",https://www.vedomosti.ru/rss/news,28.12.2022,2
320,Политика,"time.struct_time(tm_year=2022, tm_mon=12, tm_mday=28, tm_hour=13, tm_min=47, tm_sec=40, tm_wday=2, tm_yday=362, tm_isdst=0)",https://www.vedomosti.ru/rss/news,28.12.2022,2
321,Технологии,"time.struct_time(tm_year=2022, tm_mon=12, tm_mday=28, tm_hour=13, tm_min=34, tm_sec=0, tm_wday=2, tm_yday=362, tm_isdst=0)",https://www.vedomosti.ru/rss/news,28.12.2022,2
322,Политика,"time.struct_time(tm_year=2022, tm_mon=12, tm_mday=28, tm_hour=13, tm_min=25, tm_sec=14, tm_wday=2, tm_yday=362, tm_isdst=0)",https://www.vedomosti.ru/rss/news,28.12.2022,2
323,Общество,"time.struct_time(tm_year=2022, tm_mon=12, tm_mday=28, tm_hour=13, tm_min=21, tm_sec=39, tm_wday=2, tm_yday=362, tm_isdst=0)",https://www.vedomosti.ru/rss/news,28.12.2022,2
324,Политика,"time.struct_time(tm_year=2022, tm_mon=12, tm_mday=28, tm_hour=12, tm_min=55, tm_sec=58, tm_wday=2, tm_yday=362, tm_isdst=0)",https://www.vedomosti.ru/rss/news,28.12.2022,2
325,Общество,"time.struct_time(tm_year=2022, tm_mon=12, tm_mday=28, tm_hour=12, tm_min=50, tm_sec=32, tm_wday=2, tm_yday=362, tm_isdst=0)",https://www.vedomosti.ru/rss/news,28.12.2022,2
326,Экономика,"time.struct_time(tm_year=2022, tm_mon=12, tm_mday=28, tm_hour=12, tm_min=47, tm_sec=11, tm_wday=2, tm_yday=362, tm_isdst=0)",https://www.vedomosti.ru/rss/news,28.12.2022,2
327,Общество,"time.struct_time(tm_year=2022, tm_mon=12, tm_mday=28, tm_hour=12, tm_min=46, tm_sec=15, tm_wday=2, tm_yday=362, tm_isdst=0)",https://www.vedomosti.ru/rss/news,28.12.2022,2
328,Экономика,"time.struct_time(tm_year=2022, tm_mon=12, tm_mday=28, tm_hour=12, tm_min=44, tm_sec=1, tm_wday=2, tm_yday=362, tm_isdst=0)",https://www.vedomosti.ru/rss/news,28.12.2022,2
329,Технологии,"time.struct_time(tm_year=2022, tm_mon=12, tm_mday=28, tm_hour=12, tm_min=37, tm_sec=44, tm_wday=2, tm_yday=362, tm_isdst=0)",https://www.vedomosti.ru/rss/news,28.12.2022,2
330,Общество,"time.struct_time(tm_year=2022, tm_mon=12, tm_mday=28, tm_hour=12, tm_min=25, tm_sec=5, tm_wday=2, tm_yday=362, tm_isdst=0)",https://www.vedomosti.ru/rss/news,28.12.2022,2
331,Финансы,"time.struct_time(tm_year=2022, tm_mon=12, tm_mday=28, tm_hour=12, tm_min=24, tm_sec=4, tm_wday=2, tm_yday=362, tm_isdst=0)",https://www.vedomosti.ru/rss/news,28.12.2022,2
332,Бизнес,"time.struct_time(tm_year=2022, tm_mon=12, tm_mday=28, tm_hour=12, tm_min=22, tm_sec=16, tm_wday=2, tm_yday=362, tm_isdst=0)",https://www.vedomosti.ru/rss/news,28.12.2022,2
333,Авто,"time.struct_time(tm_year=2022, tm_mon=12, tm_mday=28, tm_hour=12, tm_min=18, tm_sec=0, tm_wday=2, tm_yday=362, tm_isdst=0)",https://www.vedomosti.ru/rss/news,28.12.2022,2
334,Политика,"time.struct_time(tm_year=2022, tm_mon=12, tm_mday=28, tm_hour=12, tm_min=3, tm_sec=48, tm_wday=2, tm_yday=362, tm_isdst=0)",https://www.vedomosti.ru/rss/news,28.12.2022,2
335,Общество,"time.struct_time(tm_year=2022, tm_mon=12, tm_mday=28, tm_hour=11, tm_min=55, tm_sec=28, tm_wday=2, tm_yday=362, tm_isdst=0)",https://www.vedomosti.ru/rss/news,28.12.2022,2
336,Экономика,"time.struct_time(tm_year=2022, tm_mon=12, tm_mday=28, tm_hour=11, tm_min=51, tm_sec=44, tm_wday=2, tm_yday=362, tm_isdst=0)",https://www.vedomosti.ru/rss/news,28.12.2022,2
337,Бизнес / Транспорт,"time.struct_time(tm_year=2022, tm_mon=12, tm_mday=28, tm_hour=11, tm_min=47, tm_sec=16, tm_wday=2, tm_yday=362, tm_isdst=0)",https://www.vedomosti.ru/rss/news,28.12.2022,2
338,Политика,"time.struct_time(tm_year=2022, tm_mon=12, tm_mday=28, tm_hour=11, tm_min=46, tm_sec=39, tm_wday=2, tm_yday=362, tm_isdst=0)",https://www.vedomosti.ru/rss/news,28.12.2022,2
339,Общество,"time.struct_time(tm_year=2022, tm_mon=12, tm_mday=28, tm_hour=11, tm_min=41, tm_sec=55, tm_wday=2, tm_yday=362, tm_isdst=0)",https://www.vedomosti.ru/rss/news,28.12.2022,2
340,Политика,"time.struct_time(tm_year=2022, tm_mon=12, tm_mday=28, tm_hour=11, tm_min=36, tm_sec=33, tm_wday=2, tm_yday=362, tm_isdst=0)",https://www.vedomosti.ru/rss/news,28.12.2022,2
341,Политика,"time.struct_time(tm_year=2022, tm_mon=12, tm_mday=28, tm_hour=11, tm_min=26, tm_sec=2, tm_wday=2, tm_yday=362, tm_isdst=0)",https://www.vedomosti.ru/rss/news,28.12.2022,2
342,Общество,"time.struct_time(tm_year=2022, tm_mon=12, tm_mday=28, tm_hour=11, tm_min=19, tm_sec=6, tm_wday=2, tm_yday=362, tm_isdst=0)",https://www.vedomosti.ru/rss/news,28.12.2022,2
343,Общество,"time.struct_time(tm_year=2022, tm_mon=12, tm_mday=28, tm_hour=11, tm_min=12, tm_sec=18, tm_wday=2, tm_yday=362, tm_isdst=0)",https://www.vedomosti.ru/rss/news,28.12.2022,2
344,Политика,"time.struct_time(tm_year=2022, tm_mon=12, tm_mday=28, tm_hour=10, tm_min=52, tm_sec=21, tm_wday=2, tm_yday=362, tm_isdst=0)",https://www.vedomosti.ru/rss/news,28.12.2022,2
345,Политика,"time.struct_time(tm_year=2022, tm_mon=12, tm_mday=28, tm_hour=10, tm_min=42, tm_sec=36, tm_wday=2, tm_yday=362, tm_isdst=0)",https://www.vedomosti.ru/rss/news,28.12.2022,2
346,Бизнес,"time.struct_time(tm_year=2022, tm_mon=12, tm_mday=28, tm_hour=10, tm_min=30, tm_sec=36, tm_wday=2, tm_yday=362, tm_isdst=0)",https://www.vedomosti.ru/rss/news,28.12.2022,2
347,Политика,"time.struct_time(tm_year=2022, tm_mon=12, tm_mday=28, tm_hour=10, tm_min=21, tm_sec=50, tm_wday=2, tm_yday=362, tm_isdst=0)",https://www.vedomosti.ru/rss/news,28.12.2022,2
348,Политика,"time.struct_time(tm_year=2022, tm_mon=12, tm_mday=28, tm_hour=10, tm_min=18, tm_sec=6, tm_wday=2, tm_yday=362, tm_isdst=0)",https://www.vedomosti.ru/rss/news,28.12.2022,2
349,Политика,"time.struct_time(tm_year=2022, tm_mon=12, tm_mday=28, tm_hour=10, tm_min=0, tm_sec=1, tm_wday=2, tm_yday=362, tm_isdst=0)",https://www.vedomosti.ru/rss/news,28.12.2022,2
350,Бизнес,"time.struct_time(tm_year=2022, tm_mon=12, tm_mday=28, tm_hour=9, tm_min=59, tm_sec=31, tm_wday=2, tm_yday=362, tm_isdst=0)",https://www.vedomosti.ru/rss/news,28.12.2022,2
351,Политика,"time.struct_time(tm_year=2022, tm_mon=12, tm_mday=28, tm_hour=9, tm_min=50, tm_sec=56, tm_wday=2, tm_yday=362, tm_isdst=0)",https://www.vedomosti.ru/rss/news,28.12.2022,2
352,Политика,"time.struct_time(tm_year=2022, tm_mon=12, tm_mday=28, tm_hour=9, tm_min=42, tm_sec=44, tm_wday=2, tm_yday=362, tm_isdst=0)",https://www.vedomosti.ru/rss/news,28.12.2022,2
353,Бизнес,"time.struct_time(tm_year=2022, tm_mon=12, tm_mday=28, tm_hour=9, tm_min=33, tm_sec=58, tm_wday=2, tm_yday=362, tm_isdst=0)",https://www.vedomosti.ru/rss/news,28.12.2022,2
354,Общество,"time.struct_time(tm_year=2022, tm_mon=12, tm_mday=28, tm_hour=9, tm_min=22, tm_sec=25, tm_wday=2, tm_yday=362, tm_isdst=0)",https://www.vedomosti.ru/rss/news,28.12.2022,2
355,Политика,"time.struct_time(tm_year=2022, tm_mon=12, tm_mday=28, tm_hour=9, tm_min=17, tm_sec=59, tm_wday=2, tm_yday=362, tm_isdst=0)",https://www.vedomosti.ru/rss/news,28.12.2022,2
356,Политика,"time.struct_time(tm_year=2022, tm_mon=12, tm_mday=28, tm_hour=8, tm_min=47, tm_sec=4, tm_wday=2, tm_yday=362, tm_isdst=0)",https://www.vedomosti.ru/rss/news,28.12.2022,2
357,Бизнес,"time.struct_time(tm_year=2022, tm_mon=12, tm_mday=28, tm_hour=8, tm_min=40, tm_sec=10, tm_wday=2, tm_yday=362, tm_isdst=0)",https://www.vedomosti.ru/rss/news,28.12.2022,2
358,Общество,"time.struct_time(tm_year=2022, tm_mon=12, tm_mday=28, tm_hour=8, tm_min=34, tm_sec=55, tm_wday=2, tm_yday=362, tm_isdst=0)",https://www.vedomosti.ru/rss/news,28.12.2022,2
359,Технологии,"time.struct_time(tm_year=2022, tm_mon=12, tm_mday=28, tm_hour=8, tm_min=12, tm_sec=37, tm_wday=2, tm_yday=362, tm_isdst=0)",https://www.vedomosti.ru/rss/news,28.12.2022,2
360,Бизнес,"time.struct_time(tm_year=2022, tm_mon=12, tm_mday=28, tm_hour=7, tm_min=50, tm_sec=25, tm_wday=2, tm_yday=362, tm_isdst=0)",https://www.vedomosti.ru/rss/news,28.12.2022,2
361,Политика,"time.struct_time(tm_year=2022, tm_mon=12, tm_mday=28, tm_hour=7, tm_min=40, tm_sec=42, tm_wday=2, tm_yday=362, tm_isdst=0)",https://www.vedomosti.ru/rss/news,28.12.2022,2
362,Политика,"time.struct_time(tm_year=2022, tm_mon=12, tm_mday=28, tm_hour=7, tm_min=18, tm_sec=25, tm_wday=2, tm_yday=362, tm_isdst=0)",https://www.vedomosti.ru/rss/news,28.12.2022,2
363,Политика,"time.struct_time(tm_year=2022, tm_mon=12, tm_mday=28, tm_hour=6, tm_min=52, tm_sec=6, tm_wday=2, tm_yday=362, tm_isdst=0)",https://www.vedomosti.ru/rss/news,28.12.2022,2
364,Технологии,"time.struct_time(tm_year=2022, tm_mon=12, tm_mday=28, tm_hour=6, tm_min=33, tm_sec=33, tm_wday=2, tm_yday=362, tm_isdst=0)",https://www.vedomosti.ru/rss/news,28.12.2022,2
365,Экономика,"time.struct_time(tm_year=2022, tm_mon=12, tm_mday=28, tm_hour=5, tm_min=53, tm_sec=21, tm_wday=2, tm_yday=362, tm_isdst=0)",https://www.vedomosti.ru/rss/news,28.12.2022,2
366,Бизнес,"time.struct_time(tm_year=2022, tm_mon=12, tm_mday=28, tm_hour=5, tm_min=33, tm_sec=35, tm_wday=2, tm_yday=362, tm_isdst=0)",https://www.vedomosti.ru/rss/news,28.12.2022,2
367,Бизнес,"time.struct_time(tm_year=2022, tm_mon=12, tm_mday=28, tm_hour=5, tm_min=1, tm_sec=37, tm_wday=2, tm_yday=362, tm_isdst=0)",https://www.vedomosti.ru/rss/news,28.12.2022,2
368,Политика,"time.struct_time(tm_year=2022, tm_mon=12, tm_mday=28, tm_hour=4, tm_min=43, tm_sec=19, tm_wday=2, tm_yday=362, tm_isdst=0)",https://www.vedomosti.ru/rss/news,28.12.2022,2
369,Технологии,"time.struct_time(tm_year=2022, tm_mon=12, tm_mday=27, tm_hour=19, tm_min=43, tm_sec=55, tm_wday=1, tm_yday=361, tm_isdst=0)",https://www.vedomosti.ru/rss/news,27.12.2022,1
370,Политика,"time.struct_time(tm_year=2022, tm_mon=12, tm_mday=27, tm_hour=19, tm_min=25, tm_sec=11, tm_wday=1, tm_yday=361, tm_isdst=0)",https://www.vedomosti.ru/rss/news,27.12.2022,1
371,Бизнес,"time.struct_time(tm_year=2022, tm_mon=12, tm_mday=27, tm_hour=18, tm_min=50, tm_sec=42, tm_wday=1, tm_yday=361, tm_isdst=0)",https://www.vedomosti.ru/rss/news,27.12.2022,1
372,Политика,"time.struct_time(tm_year=2022, tm_mon=12, tm_mday=27, tm_hour=18, tm_min=21, tm_sec=10, tm_wday=1, tm_yday=361, tm_isdst=0)",https://www.vedomosti.ru/rss/news,27.12.2022,1
373,Общество,"time.struct_time(tm_year=2022, tm_mon=12, tm_mday=27, tm_hour=17, tm_min=59, tm_sec=0, tm_wday=1, tm_yday=361, tm_isdst=0)",https://www.vedomosti.ru/rss/news,27.12.2022,1
374,Финансы,"time.struct_time(tm_year=2022, tm_mon=12, tm_mday=27, tm_hour=17, tm_min=36, tm_sec=19, tm_wday=1, tm_yday=361, tm_isdst=0)",https://www.vedomosti.ru/rss/news,27.12.2022,1
375,Общество,"time.struct_time(tm_year=2022, tm_mon=12, tm_mday=27, tm_hour=17, tm_min=18, tm_sec=33, tm_wday=1, tm_yday=361, tm_isdst=0)",https://www.vedomosti.ru/rss/news,27.12.2022,1
376,Бизнес,"time.struct_time(tm_year=2022, tm_mon=12, tm_mday=27, tm_hour=16, tm_min=32, tm_sec=2, tm_wday=1, tm_yday=361, tm_isdst=0)",https://www.vedomosti.ru/rss/news,27.12.2022,1
377,Финансы,"time.struct_time(tm_year=2022, tm_mon=12, tm_mday=27, tm_hour=16, tm_min=11, tm_sec=14, tm_wday=1, tm_yday=361, tm_isdst=0)",https://www.vedomosti.ru/rss/news,27.12.2022,1
378,Общество,"time.struct_time(tm_year=2022, tm_mon=12, tm_mday=27, tm_hour=15, tm_min=46, tm_sec=23, tm_wday=1, tm_yday=361, tm_isdst=0)",https://www.vedomosti.ru/rss/news,27.12.2022,1
379,Бизнес,"time.struct_time(tm_year=2022, tm_mon=12, tm_mday=27, tm_hour=15, tm_min=33, tm_sec=28, tm_wday=1, tm_yday=361, tm_isdst=0)",https://www.vedomosti.ru/rss/news,27.12.2022,1
380,Общество,"time.struct_time(tm_year=2022, tm_mon=12, tm_mday=27, tm_hour=15, tm_min=19, tm_sec=8, tm_wday=1, tm_yday=361, tm_isdst=0)",https://www.vedomosti.ru/rss/news,27.12.2022,1
381,Экономика,"time.struct_time(tm_year=2022, tm_mon=12, tm_mday=27, tm_hour=15, tm_min=6, tm_sec=10, tm_wday=1, tm_yday=361, tm_isdst=0)",https://www.vedomosti.ru/rss/news,27.12.2022,1
382,Общество,"time.struct_time(tm_year=2022, tm_mon=12, tm_mday=27, tm_hour=15, tm_min=2, tm_sec=46, tm_wday=1, tm_yday=361, tm_isdst=0)",https://www.vedomosti.ru/rss/news,27.12.2022,1
383,Политика,"time.struct_time(tm_year=2022, tm_mon=12, tm_mday=27, tm_hour=14, tm_min=55, tm_sec=26, tm_wday=1, tm_yday=361, tm_isdst=0)",https://www.vedomosti.ru/rss/news,27.12.2022,1
384,Политика,"time.struct_time(tm_year=2022, tm_mon=12, tm_mday=27, tm_hour=14, tm_min=50, tm_sec=37, tm_wday=1, tm_yday=361, tm_isdst=0)",https://www.vedomosti.ru/rss/news,27.12.2022,1
385,Политика,"time.struct_time(tm_year=2022, tm_mon=12, tm_mday=27, tm_hour=14, tm_min=35, tm_sec=14, tm_wday=1, tm_yday=361, tm_isdst=0)",https://www.vedomosti.ru/rss/news,27.12.2022,1
386,Политика,"time.struct_time(tm_year=2022, tm_mon=12, tm_mday=27, tm_hour=14, tm_min=28, tm_sec=36, tm_wday=1, tm_yday=361, tm_isdst=0)",https://www.vedomosti.ru/rss/news,27.12.2022,1
387,Общество,"time.struct_time(tm_year=2022, tm_mon=12, tm_mday=27, tm_hour=14, tm_min=17, tm_sec=24, tm_wday=1, tm_yday=361, tm_isdst=0)",https://www.vedomosti.ru/rss/news,27.12.2022,1
388,Политика,"time.struct_time(tm_year=2022, tm_mon=12, tm_mday=27, tm_hour=14, tm_min=13, tm_sec=12, tm_wday=1, tm_yday=361, tm_isdst=0)",https://www.vedomosti.ru/rss/news,27.12.2022,1
389,Бизнес,"time.struct_time(tm_year=2022, tm_mon=12, tm_mday=27, tm_hour=14, tm_min=7, tm_sec=5, tm_wday=1, tm_yday=361, tm_isdst=0)",https://www.vedomosti.ru/rss/news,27.12.2022,1
390,Общество,"time.struct_time(tm_year=2022, tm_mon=12, tm_mday=27, tm_hour=14, tm_min=0, tm_sec=54, tm_wday=1, tm_yday=361, tm_isdst=0)",https://www.vedomosti.ru/rss/news,27.12.2022,1
391,Экономика,"time.struct_time(tm_year=2022, tm_mon=12, tm_mday=27, tm_hour=13, tm_min=48, tm_sec=10, tm_wday=1, tm_yday=361, tm_isdst=0)",https://www.vedomosti.ru/rss/news,27.12.2022,1
392,Политика,"time.struct_time(tm_year=2022, tm_mon=12, tm_mday=27, tm_hour=13, tm_min=24, tm_sec=28, tm_wday=1, tm_yday=361, tm_isdst=0)",https://www.vedomosti.ru/rss/news,27.12.2022,1
393,Общество,"time.struct_time(tm_year=2022, tm_mon=12, tm_mday=27, tm_hour=13, tm_min=14, tm_sec=18, tm_wday=1, tm_yday=361, tm_isdst=0)",https://www.vedomosti.ru/rss/news,27.12.2022,1
394,Политика,"time.struct_time(tm_year=2022, tm_mon=12, tm_mday=27, tm_hour=13, tm_min=9, tm_sec=23, tm_wday=1, tm_yday=361, tm_isdst=0)",https://www.vedomosti.ru/rss/news,27.12.2022,1
395,Общество,"time.struct_time(tm_year=2022, tm_mon=12, tm_mday=27, tm_hour=13, tm_min=2, tm_sec=9, tm_wday=1, tm_yday=361, tm_isdst=0)",https://www.vedomosti.ru/rss/news,27.12.2022,1
396,Политика,"time.struct_time(tm_year=2022, tm_mon=12, tm_mday=27, tm_hour=12, tm_min=33, tm_sec=59, tm_wday=1, tm_yday=361, tm_isdst=0)",https://www.vedomosti.ru/rss/news,27.12.2022,1
397,Общество,"time.struct_time(tm_year=2022, tm_mon=12, tm_mday=27, tm_hour=12, tm_min=29, tm_sec=42, tm_wday=1, tm_yday=361, tm_isdst=0)",https://www.vedomosti.ru/rss/news,27.12.2022,1
398,Экономика,"time.struct_time(tm_year=2022, tm_mon=12, tm_mday=27, tm_hour=12, tm_min=24, tm_sec=37, tm_wday=1, tm_yday=361, tm_isdst=0)",https://www.vedomosti.ru/rss/news,27.12.2022,1
399,Экономика,"time.struct_time(tm_year=2022, tm_mon=12, tm_mday=27, tm_hour=12, tm_min=9, tm_sec=2, tm_wday=1, tm_yday=361, tm_isdst=0)",https://www.vedomosti.ru/rss/news,27.12.2022,1
400,Экономика,"time.struct_time(tm_year=2022, tm_mon=12, tm_mday=27, tm_hour=12, tm_min=1, tm_sec=40, tm_wday=1, tm_yday=361, tm_isdst=0)",https://www.vedomosti.ru/rss/news,27.12.2022,1
401,Технологии,"time.struct_time(tm_year=2022, tm_mon=12, tm_mday=27, tm_hour=11, tm_min=50, tm_sec=37, tm_wday=1, tm_yday=361, tm_isdst=0)",https://www.vedomosti.ru/rss/news,27.12.2022,1
402,Политика,"time.struct_time(tm_year=2022, tm_mon=12, tm_mday=27, tm_hour=11, tm_min=41, tm_sec=36, tm_wday=1, tm_yday=361, tm_isdst=0)",https://www.vedomosti.ru/rss/news,27.12.2022,1
403,Общество,"time.struct_time(tm_year=2022, tm_mon=12, tm_mday=27, tm_hour=11, tm_min=31, tm_sec=22, tm_wday=1, tm_yday=361, tm_isdst=0)",https://www.vedomosti.ru/rss/news,27.12.2022,1
404,Финансы,"time.struct_time(tm_year=2022, tm_mon=12, tm_mday=27, tm_hour=11, tm_min=25, tm_sec=14, tm_wday=1, tm_yday=361, tm_isdst=0)",https://www.vedomosti.ru/rss/news,27.12.2022,1
405,Политика,"time.struct_time(tm_year=2022, tm_mon=12, tm_mday=27, tm_hour=11, tm_min=22, tm_sec=9, tm_wday=1, tm_yday=361, tm_isdst=0)",https://www.vedomosti.ru/rss/news,27.12.2022,1
406,Общество,"time.struct_time(tm_year=2022, tm_mon=12, tm_mday=27, tm_hour=11, tm_min=17, tm_sec=35, tm_wday=1, tm_yday=361, tm_isdst=0)",https://www.vedomosti.ru/rss/news,27.12.2022,1
407,Общество,"time.struct_time(tm_year=2022, tm_mon=12, tm_mday=27, tm_hour=11, tm_min=14, tm_sec=21, tm_wday=1, tm_yday=361, tm_isdst=0)",https://www.vedomosti.ru/rss/news,27.12.2022,1
408,Общество,"time.struct_time(tm_year=2022, tm_mon=12, tm_mday=27, tm_hour=11, tm_min=4, tm_sec=18, tm_wday=1, tm_yday=361, tm_isdst=0)",https://www.vedomosti.ru/rss/news,27.12.2022,1
409,Политика,"time.struct_time(tm_year=2022, tm_mon=12, tm_mday=27, tm_hour=10, tm_min=37, tm_sec=1, tm_wday=1, tm_yday=361, tm_isdst=0)",https://www.vedomosti.ru/rss/news,27.12.2022,1
410,Политика,"time.struct_time(tm_year=2022, tm_mon=12, tm_mday=27, tm_hour=10, tm_min=30, tm_sec=51, tm_wday=1, tm_yday=361, tm_isdst=0)",https://www.vedomosti.ru/rss/news,27.12.2022,1
411,Бизнес,"time.struct_time(tm_year=2022, tm_mon=12, tm_mday=27, tm_hour=10, tm_min=27, tm_sec=49, tm_wday=1, tm_yday=361, tm_isdst=0)",https://www.vedomosti.ru/rss/news,27.12.2022,1
412,Общество,"time.struct_time(tm_year=2022, tm_mon=12, tm_mday=27, tm_hour=10, tm_min=11, tm_sec=33, tm_wday=1, tm_yday=361, tm_isdst=0)",https://www.vedomosti.ru/rss/news,27.12.2022,1
413,Политика,"time.struct_time(tm_year=2022, tm_mon=12, tm_mday=27, tm_hour=10, tm_min=7, tm_sec=14, tm_wday=1, tm_yday=361, tm_isdst=0)",https://www.vedomosti.ru/rss/news,27.12.2022,1
414,Бизнес,"time.struct_time(tm_year=2022, tm_mon=12, tm_mday=27, tm_hour=10, tm_min=0, tm_sec=33, tm_wday=1, tm_yday=361, tm_isdst=0)",https://www.vedomosti.ru/rss/news,27.12.2022,1
415,Общество,"time.struct_time(tm_year=2022, tm_mon=12, tm_mday=27, tm_hour=9, tm_min=43, tm_sec=37, tm_wday=1, tm_yday=361, tm_isdst=0)",https://www.vedomosti.ru/rss/news,27.12.2022,1
416,Общество,"time.struct_time(tm_year=2022, tm_mon=12, tm_mday=27, tm_hour=9, tm_min=31, tm_sec=25, tm_wday=1, tm_yday=361, tm_isdst=0)",https://www.vedomosti.ru/rss/news,27.12.2022,1
417,Общество,"time.struct_time(tm_year=2022, tm_mon=12, tm_mday=27, tm_hour=9, tm_min=28, tm_sec=56, tm_wday=1, tm_yday=361, tm_isdst=0)",https://www.vedomosti.ru/rss/news,27.12.2022,1
418,Политика,"time.struct_time(tm_year=2022, tm_mon=12, tm_mday=27, tm_hour=9, tm_min=28, tm_sec=2, tm_wday=1, tm_yday=361, tm_isdst=0)",https://www.vedomosti.ru/rss/news,27.12.2022,1
419,Общество,"time.struct_time(tm_year=2022, tm_mon=12, tm_mday=27, tm_hour=9, tm_min=22, tm_sec=51, tm_wday=1, tm_yday=361, tm_isdst=0)",https://www.vedomosti.ru/rss/news,27.12.2022,1
420,Политика,"time.struct_time(tm_year=2022, tm_mon=12, tm_mday=27, tm_hour=9, tm_min=13, tm_sec=57, tm_wday=1, tm_yday=361, tm_isdst=0)",https://www.vedomosti.ru/rss/news,27.12.2022,1
421,Политика,"time.struct_time(tm_year=2022, tm_mon=12, tm_mday=27, tm_hour=8, tm_min=49, tm_sec=22, tm_wday=1, tm_yday=361, tm_isdst=0)",https://www.vedomosti.ru/rss/news,27.12.2022,1
422,Экономика,"time.struct_time(tm_year=2022, tm_mon=12, tm_mday=27, tm_hour=8, tm_min=47, tm_sec=15, tm_wday=1, tm_yday=361, tm_isdst=0)",https://www.vedomosti.ru/rss/news,27.12.2022,1
423,Общество,"time.struct_time(tm_year=2022, tm_mon=12, tm_mday=27, tm_hour=8, tm_min=42, tm_sec=37, tm_wday=1, tm_yday=361, tm_isdst=0)",https://www.vedomosti.ru/rss/news,27.12.2022,1
424,Экономика,"time.struct_time(tm_year=2022, tm_mon=12, tm_mday=27, tm_hour=8, tm_min=24, tm_sec=52, tm_wday=1, tm_yday=361, tm_isdst=0)",https://www.vedomosti.ru/rss/news,27.12.2022,1
425,Экономика,"time.struct_time(tm_year=2022, tm_mon=12, tm_mday=27, tm_hour=8, tm_min=10, tm_sec=24, tm_wday=1, tm_yday=361, tm_isdst=0)",https://www.vedomosti.ru/rss/news,27.12.2022,1
426,Финансы,"time.struct_time(tm_year=2022, tm_mon=12, tm_mday=27, tm_hour=8, tm_min=9, tm_sec=17, tm_wday=1, tm_yday=361, tm_isdst=0)",https://www.vedomosti.ru/rss/news,27.12.2022,1
427,Политика,"time.struct_time(tm_year=2022, tm_mon=12, tm_mday=27, tm_hour=7, tm_min=48, tm_sec=18, tm_wday=1, tm_yday=361, tm_isdst=0)",https://www.vedomosti.ru/rss/news,27.12.2022,1
428,Финансы,"time.struct_time(tm_year=2022, tm_mon=12, tm_mday=27, tm_hour=7, tm_min=43, tm_sec=45, tm_wday=1, tm_yday=361, tm_isdst=0)",https://www.vedomosti.ru/rss/news,27.12.2022,1
429,Экономика,"time.struct_time(tm_year=2022, tm_mon=12, tm_mday=27, tm_hour=7, tm_min=32, tm_sec=44, tm_wday=1, tm_yday=361, tm_isdst=0)",https://www.vedomosti.ru/rss/news,27.12.2022,1
430,Бизнес,"time.struct_time(tm_year=2022, tm_mon=12, tm_mday=27, tm_hour=7, tm_min=20, tm_sec=55, tm_wday=1, tm_yday=361, tm_isdst=0)",https://www.vedomosti.ru/rss/news,27.12.2022,1
431,Общество,"time.struct_time(tm_year=2022, tm_mon=12, tm_mday=27, tm_hour=7, tm_min=14, tm_sec=47, tm_wday=1, tm_yday=361, tm_isdst=0)",https://www.vedomosti.ru/rss/news,27.12.2022,1
432,Общество,"time.struct_time(tm_year=2022, tm_mon=12, tm_mday=27, tm_hour=6, tm_min=55, tm_sec=6, tm_wday=1, tm_yday=361, tm_isdst=0)",https://www.vedomosti.ru/rss/news,27.12.2022,1
433,Политика,"time.struct_time(tm_year=2022, tm_mon=12, tm_mday=27, tm_hour=6, tm_min=54, tm_sec=4, tm_wday=1, tm_yday=361, tm_isdst=0)",https://www.vedomosti.ru/rss/news,27.12.2022,1
434,Политика,"time.struct_time(tm_year=2022, tm_mon=12, tm_mday=27, tm_hour=6, tm_min=51, tm_sec=39, tm_wday=1, tm_yday=361, tm_isdst=0)",https://www.vedomosti.ru/rss/news,27.12.2022,1
435,Экономика,"time.struct_time(tm_year=2022, tm_mon=12, tm_mday=27, tm_hour=6, tm_min=29, tm_sec=15, tm_wday=1, tm_yday=361, tm_isdst=0)",https://www.vedomosti.ru/rss/news,27.12.2022,1
436,Общество,"time.struct_time(tm_year=2022, tm_mon=12, tm_mday=27, tm_hour=6, tm_min=26, tm_sec=20, tm_wday=1, tm_yday=361, tm_isdst=0)",https://www.vedomosti.ru/rss/news,27.12.2022,1
437,Общество,"time.struct_time(tm_year=2022, tm_mon=12, tm_mday=27, tm_hour=6, tm_min=7, tm_sec=0, tm_wday=1, tm_yday=361, tm_isdst=0)",https://www.vedomosti.ru/rss/news,27.12.2022,1
438,Общество,"time.struct_time(tm_year=2022, tm_mon=12, tm_mday=27, tm_hour=5, tm_min=45, tm_sec=58, tm_wday=1, tm_yday=361, tm_isdst=0)",https://www.vedomosti.ru/rss/news,27.12.2022,1
439,Общество,"time.struct_time(tm_year=2022, tm_mon=12, tm_mday=27, tm_hour=5, tm_min=21, tm_sec=6, tm_wday=1, tm_yday=361, tm_isdst=0)",https://www.vedomosti.ru/rss/news,27.12.2022,1
440,Политика,"time.struct_time(tm_year=2022, tm_mon=12, tm_mday=27, tm_hour=4, tm_min=59, tm_sec=28, tm_wday=1, tm_yday=361, tm_isdst=0)",https://www.vedomosti.ru/rss/news,27.12.2022,1
441,Политика,"time.struct_time(tm_year=2022, tm_mon=12, tm_mday=27, tm_hour=4, tm_min=28, tm_sec=24, tm_wday=1, tm_yday=361, tm_isdst=0)",https://www.vedomosti.ru/rss/news,27.12.2022,1
442,Политика,"time.struct_time(tm_year=2022, tm_mon=12, tm_mday=26, tm_hour=19, tm_min=59, tm_sec=46, tm_wday=0, tm_yday=360, tm_isdst=0)",https://www.vedomosti.ru/rss/news,26.12.2022,0
443,Бизнес,"time.struct_time(tm_year=2022, tm_mon=12, tm_mday=26, tm_hour=19, tm_min=36, tm_sec=46, tm_wday=0, tm_yday=360, tm_isdst=0)",https://www.vedomosti.ru/rss/news,26.12.2022,0
444,Политика,"time.struct_time(tm_year=2022, tm_mon=12, tm_mday=26, tm_hour=19, tm_min=9, tm_sec=1, tm_wday=0, tm_yday=360, tm_isdst=0)",https://www.vedomosti.ru/rss/news,26.12.2022,0
445,Общество,"time.struct_time(tm_year=2022, tm_mon=12, tm_mday=26, tm_hour=18, tm_min=50, tm_sec=2, tm_wday=0, tm_yday=360, tm_isdst=0)",https://www.vedomosti.ru/rss/news,26.12.2022,0
446,Политика,"time.struct_time(tm_year=2022, tm_mon=12, tm_mday=26, tm_hour=18, tm_min=42, tm_sec=40, tm_wday=0, tm_yday=360, tm_isdst=0)",https://www.vedomosti.ru/rss/news,26.12.2022,0
447,Общество,"time.struct_time(tm_year=2022, tm_mon=12, tm_mday=26, tm_hour=18, tm_min=19, tm_sec=3, tm_wday=0, tm_yday=360, tm_isdst=0)",https://www.vedomosti.ru/rss/news,26.12.2022,0
448,Экономика,"time.struct_time(tm_year=2022, tm_mon=12, tm_mday=26, tm_hour=18, tm_min=3, tm_sec=43, tm_wday=0, tm_yday=360, tm_isdst=0)",https://www.vedomosti.ru/rss/news,26.12.2022,0
449,Общество,"time.struct_time(tm_year=2022, tm_mon=12, tm_mday=26, tm_hour=17, tm_min=38, tm_sec=22, tm_wday=0, tm_yday=360, tm_isdst=0)",https://www.vedomosti.ru/rss/news,26.12.2022,0
450,Политика,"time.struct_time(tm_year=2022, tm_mon=12, tm_mday=26, tm_hour=17, tm_min=12, tm_sec=48, tm_wday=0, tm_yday=360, tm_isdst=0)",https://www.vedomosti.ru/rss/news,26.12.2022,0
451,Общество,"time.struct_time(tm_year=2022, tm_mon=12, tm_mday=26, tm_hour=16, tm_min=59, tm_sec=39, tm_wday=0, tm_yday=360, tm_isdst=0)",https://www.vedomosti.ru/rss/news,26.12.2022,0
452,Бизнес,"time.struct_time(tm_year=2022, tm_mon=12, tm_mday=26, tm_hour=16, tm_min=52, tm_sec=50, tm_wday=0, tm_yday=360, tm_isdst=0)",https://www.vedomosti.ru/rss/news,26.12.2022,0
453,Общество,"time.struct_time(tm_year=2022, tm_mon=12, tm_mday=26, tm_hour=16, tm_min=40, tm_sec=55, tm_wday=0, tm_yday=360, tm_isdst=0)",https://www.vedomosti.ru/rss/news,26.12.2022,0
454,Экономика,"time.struct_time(tm_year=2022, tm_mon=12, tm_mday=26, tm_hour=16, tm_min=17, tm_sec=57, tm_wday=0, tm_yday=360, tm_isdst=0)",https://www.vedomosti.ru/rss/news,26.12.2022,0
455,Технологии,"time.struct_time(tm_year=2022, tm_mon=12, tm_mday=26, tm_hour=16, tm_min=10, tm_sec=47, tm_wday=0, tm_yday=360, tm_isdst=0)",https://www.vedomosti.ru/rss/news,26.12.2022,0
456,Политика,"time.struct_time(tm_year=2022, tm_mon=12, tm_mday=26, tm_hour=16, tm_min=7, tm_sec=9, tm_wday=0, tm_yday=360, tm_isdst=0)",https://www.vedomosti.ru/rss/news,26.12.2022,0
457,Финансы,"time.struct_time(tm_year=2022, tm_mon=12, tm_mday=26, tm_hour=15, tm_min=41, tm_sec=3, tm_wday=0, tm_yday=360, tm_isdst=0)",https://www.vedomosti.ru/rss/news,26.12.2022,0
458,Общество,"time.struct_time(tm_year=2022, tm_mon=12, tm_mday=26, tm_hour=15, tm_min=32, tm_sec=42, tm_wday=0, tm_yday=360, tm_isdst=0)",https://www.vedomosti.ru/rss/news,26.12.2022,0
459,Политика,"time.struct_time(tm_year=2022, tm_mon=12, tm_mday=26, tm_hour=15, tm_min=5, tm_sec=7, tm_wday=0, tm_yday=360, tm_isdst=0)",https://www.vedomosti.ru/rss/news,26.12.2022,0
460,Политика,"time.struct_time(tm_year=2022, tm_mon=12, tm_mday=26, tm_hour=14, tm_min=57, tm_sec=1, tm_wday=0, tm_yday=360, tm_isdst=0)",https://www.vedomosti.ru/rss/news,26.12.2022,0
461,Общество,"time.struct_time(tm_year=2022, tm_mon=12, tm_mday=26, tm_hour=14, tm_min=51, tm_sec=20, tm_wday=0, tm_yday=360, tm_isdst=0)",https://www.vedomosti.ru/rss/news,26.12.2022,0
462,Авто,"time.struct_time(tm_year=2022, tm_mon=12, tm_mday=26, tm_hour=14, tm_min=38, tm_sec=36, tm_wday=0, tm_yday=360, tm_isdst=0)",https://www.vedomosti.ru/rss/news,26.12.2022,0
463,Общество,"time.struct_time(tm_year=2022, tm_mon=12, tm_mday=26, tm_hour=14, tm_min=33, tm_sec=57, tm_wday=0, tm_yday=360, tm_isdst=0)",https://www.vedomosti.ru/rss/news,26.12.2022,0
464,Политика,"time.struct_time(tm_year=2022, tm_mon=12, tm_mday=26, tm_hour=14, tm_min=18, tm_sec=5, tm_wday=0, tm_yday=360, tm_isdst=0)",https://www.vedomosti.ru/rss/news,26.12.2022,0
465,Финансы,"time.struct_time(tm_year=2022, tm_mon=12, tm_mday=26, tm_hour=14, tm_min=15, tm_sec=26, tm_wday=0, tm_yday=360, tm_isdst=0)",https://www.vedomosti.ru/rss/news,26.12.2022,0
466,Бизнес,"time.struct_time(tm_year=2022, tm_mon=12, tm_mday=26, tm_hour=13, tm_min=49, tm_sec=5, tm_wday=0, tm_yday=360, tm_isdst=0)",https://www.vedomosti.ru/rss/news,26.12.2022,0
467,Политика,"time.struct_time(tm_year=2022, tm_mon=12, tm_mday=26, tm_hour=13, tm_min=37, tm_sec=51, tm_wday=0, tm_yday=360, tm_isdst=0)",https://www.vedomosti.ru/rss/news,26.12.2022,0
468,Бизнес,"time.struct_time(tm_year=2022, tm_mon=12, tm_mday=26, tm_hour=13, tm_min=30, tm_sec=56, tm_wday=0, tm_yday=360, tm_isdst=0)",https://www.vedomosti.ru/rss/news,26.12.2022,0
469,Политика,"time.struct_time(tm_year=2022, tm_mon=12, tm_mday=26, tm_hour=13, tm_min=16, tm_sec=54, tm_wday=0, tm_yday=360, tm_isdst=0)",https://www.vedomosti.ru/rss/news,26.12.2022,0
470,Общество,"time.struct_time(tm_year=2022, tm_mon=12, tm_mday=26, tm_hour=13, tm_min=9, tm_sec=7, tm_wday=0, tm_yday=360, tm_isdst=0)",https://www.vedomosti.ru/rss/news,26.12.2022,0
471,Общество,"time.struct_time(tm_year=2022, tm_mon=12, tm_mday=26, tm_hour=12, tm_min=43, tm_sec=23, tm_wday=0, tm_yday=360, tm_isdst=0)",https://www.vedomosti.ru/rss/news,26.12.2022,0
472,Общество,"time.struct_time(tm_year=2022, tm_mon=12, tm_mday=26, tm_hour=12, tm_min=40, tm_sec=55, tm_wday=0, tm_yday=360, tm_isdst=0)",https://www.vedomosti.ru/rss/news,26.12.2022,0
473,Бизнес,"time.struct_time(tm_year=2022, tm_mon=12, tm_mday=26, tm_hour=12, tm_min=33, tm_sec=9, tm_wday=0, tm_yday=360, tm_isdst=0)",https://www.vedomosti.ru/rss/news,26.12.2022,0
474,Экономика,"time.struct_time(tm_year=2022, tm_mon=12, tm_mday=26, tm_hour=12, tm_min=15, tm_sec=48, tm_wday=0, tm_yday=360, tm_isdst=0)",https://www.vedomosti.ru/rss/news,26.12.2022,0
475,Общество,"time.struct_time(tm_year=2022, tm_mon=12, tm_mday=26, tm_hour=12, tm_min=12, tm_sec=57, tm_wday=0, tm_yday=360, tm_isdst=0)",https://www.vedomosti.ru/rss/news,26.12.2022,0
476,Авто,"time.struct_time(tm_year=2022, tm_mon=12, tm_mday=26, tm_hour=12, tm_min=12, tm_sec=15, tm_wday=0, tm_yday=360, tm_isdst=0)",https://www.vedomosti.ru/rss/news,26.12.2022,0
477,Общество,"time.struct_time(tm_year=2022, tm_mon=12, tm_mday=26, tm_hour=11, tm_min=56, tm_sec=46, tm_wday=0, tm_yday=360, tm_isdst=0)",https://www.vedomosti.ru/rss/news,26.12.2022,0
478,Политика,"time.struct_time(tm_year=2022, tm_mon=12, tm_mday=26, tm_hour=11, tm_min=51, tm_sec=46, tm_wday=0, tm_yday=360, tm_isdst=0)",https://www.vedomosti.ru/rss/news,26.12.2022,0
479,Политика,"time.struct_time(tm_year=2022, tm_mon=12, tm_mday=26, tm_hour=11, tm_min=44, tm_sec=28, tm_wday=0, tm_yday=360, tm_isdst=0)",https://www.vedomosti.ru/rss/news,26.12.2022,0
480,Общество,"time.struct_time(tm_year=2022, tm_mon=12, tm_mday=26, tm_hour=11, tm_min=30, tm_sec=30, tm_wday=0, tm_yday=360, tm_isdst=0)",https://www.vedomosti.ru/rss/news,26.12.2022,0
481,Финансы,"time.struct_time(tm_year=2022, tm_mon=12, tm_mday=26, tm_hour=11, tm_min=25, tm_sec=18, tm_wday=0, tm_yday=360, tm_isdst=0)",https://www.vedomosti.ru/rss/news,26.12.2022,0
482,Политика,"time.struct_time(tm_year=2022, tm_mon=12, tm_mday=26, tm_hour=11, tm_min=21, tm_sec=23, tm_wday=0, tm_yday=360, tm_isdst=0)",https://www.vedomosti.ru/rss/news,26.12.2022,0
483,Политика,"time.struct_time(tm_year=2022, tm_mon=12, tm_mday=26, tm_hour=11, tm_min=18, tm_sec=1, tm_wday=0, tm_yday=360, tm_isdst=0)",https://www.vedomosti.ru/rss/news,26.12.2022,0
484,Общество,"time.struct_time(tm_year=2022, tm_mon=12, tm_mday=26, tm_hour=11, tm_min=0, tm_sec=46, tm_wday=0, tm_yday=360, tm_isdst=0)",https://www.vedomosti.ru/rss/news,26.12.2022,0
485,Бизнес,"time.struct_time(tm_year=2022, tm_mon=12, tm_mday=26, tm_hour=10, tm_min=53, tm_sec=28, tm_wday=0, tm_yday=360, tm_isdst=0)",https://www.vedomosti.ru/rss/news,26.12.2022,0
486,Политика,"time.struct_time(tm_year=2022, tm_mon=12, tm_mday=26, tm_hour=10, tm_min=34, tm_sec=9, tm_wday=0, tm_yday=360, tm_isdst=0)",https://www.vedomosti.ru/rss/news,26.12.2022,0
487,Политика,"time.struct_time(tm_year=2022, tm_mon=12, tm_mday=26, tm_hour=10, tm_min=26, tm_sec=48, tm_wday=0, tm_yday=360, tm_isdst=0)",https://www.vedomosti.ru/rss/news,26.12.2022,0
488,Политика,"time.struct_time(tm_year=2022, tm_mon=12, tm_mday=26, tm_hour=10, tm_min=18, tm_sec=10, tm_wday=0, tm_yday=360, tm_isdst=0)",https://www.vedomosti.ru/rss/news,26.12.2022,0
489,Политика,"time.struct_time(tm_year=2022, tm_mon=12, tm_mday=26, tm_hour=10, tm_min=9, tm_sec=9, tm_wday=0, tm_yday=360, tm_isdst=0)",https://www.vedomosti.ru/rss/news,26.12.2022,0
490,Экономика,"time.struct_time(tm_year=2022, tm_mon=12, tm_mday=26, tm_hour=9, tm_min=51, tm_sec=20, tm_wday=0, tm_yday=360, tm_isdst=0)",https://www.vedomosti.ru/rss/news,26.12.2022,0
491,Политика,"time.struct_time(tm_year=2022, tm_mon=12, tm_mday=26, tm_hour=9, tm_min=42, tm_sec=21, tm_wday=0, tm_yday=360, tm_isdst=0)",https://www.vedomosti.ru/rss/news,26.12.2022,0
492,Политика,"time.struct_time(tm_year=2022, tm_mon=12, tm_mday=26, tm_hour=9, tm_min=34, tm_sec=44, tm_wday=0, tm_yday=360, tm_isdst=0)",https://www.vedomosti.ru/rss/news,26.12.2022,0
493,Политика,"time.struct_time(tm_year=2022, tm_mon=12, tm_mday=26, tm_hour=9, tm_min=28, tm_sec=50, tm_wday=0, tm_yday=360, tm_isdst=0)",https://www.vedomosti.ru/rss/news,26.12.2022,0
494,Бизнес,"time.struct_time(tm_year=2022, tm_mon=12, tm_mday=26, tm_hour=9, tm_min=26, tm_sec=32, tm_wday=0, tm_yday=360, tm_isdst=0)",https://www.vedomosti.ru/rss/news,26.12.2022,0
495,Политика,"time.struct_time(tm_year=2022, tm_mon=12, tm_mday=26, tm_hour=9, tm_min=16, tm_sec=43, tm_wday=0, tm_yday=360, tm_isdst=0)",https://www.vedomosti.ru/rss/news,26.12.2022,0
496,Общество,"time.struct_time(tm_year=2022, tm_mon=12, tm_mday=26, tm_hour=8, tm_min=48, tm_sec=30, tm_wday=0, tm_yday=360, tm_isdst=0)",https://www.vedomosti.ru/rss/news,26.12.2022,0
497,Бизнес,"time.struct_time(tm_year=2022, tm_mon=12, tm_mday=26, tm_hour=8, tm_min=47, tm_sec=58, tm_wday=0, tm_yday=360, tm_isdst=0)",https://www.vedomosti.ru/rss/news,26.12.2022,0
498,Общество,"time.struct_time(tm_year=2022, tm_mon=12, tm_mday=26, tm_hour=8, tm_min=37, tm_sec=2, tm_wday=0, tm_yday=360, tm_isdst=0)",https://www.vedomosti.ru/rss/news,26.12.2022,0
